/*
 Navicat Premium Data Transfer

 Source Server         : localhost
 Source Server Type    : MySQL
 Source Server Version : 50720
 Source Host           : localhost:3306
 Source Schema         : AutoApi

 Target Server Type    : MySQL
 Target Server Version : 50720
 File Encoding         : 65001

 Date: 22/06/2018 18:57:09
*/

SET NAMES utf8mb4;
SET FOREIGN_KEY_CHECKS = 0;

-- ----------------------------
-- Table structure for qa_case
-- ----------------------------
DROP TABLE IF EXISTS `qa_case`;
CREATE TABLE `qa_case` (
  `caseid` int(11) NOT NULL,
  `casename` varchar(255) DEFAULT NULL,
  `requestType` varchar(255) DEFAULT '0' COMMENT '0,get;1,post;2,put;3,delete',
  `requestUrl` varchar(255) DEFAULT NULL,
  `requestHeader` varchar(255) DEFAULT NULL,
  `requestBody` varchar(255) DEFAULT NULL,
  `requestOrder` int(255) DEFAULT '1' COMMENT '用例执行顺序，数值小优先执行',
  `assertExp` varchar(255) DEFAULT NULL,
  `moduleId` int(11) DEFAULT NULL,
  `_timestamp` timestamp NULL DEFAULT NULL,
  `updatetime` timestamp NULL DEFAULT NULL,
  PRIMARY KEY (`caseid`)
) ENGINE=InnoDB DEFAULT CHARSET=utf8;

-- ----------------------------
-- Records of qa_case
-- ----------------------------
BEGIN;
INSERT INTO `qa_case` VALUES (1, 'test', NULL, NULL, NULL, NULL, NULL, NULL, NULL, NULL, NULL);
INSERT INTO `qa_case` VALUES (2, 'test1', NULL, NULL, NULL, NULL, NULL, NULL, NULL, NULL, NULL);
COMMIT;

-- ----------------------------
-- Table structure for qa_module
-- ----------------------------
DROP TABLE IF EXISTS `qa_module`;
CREATE TABLE `qa_module` (
  `moduleid` int(11) NOT NULL AUTO_INCREMENT,
  `moduleName` varchar(255) NOT NULL,
  `pid` int(11) DEFAULT NULL,
  `_timestamp` timestamp NULL DEFAULT NULL ON UPDATE CURRENT_TIMESTAMP,
  PRIMARY KEY (`moduleid`)
) ENGINE=InnoDB AUTO_INCREMENT=26 DEFAULT CHARSET=utf8;

-- ----------------------------
-- Records of qa_module
-- ----------------------------
BEGIN;
INSERT INTO `qa_module` VALUES (18, '服务管理a', 2, NULL);
INSERT INTO `qa_module` VALUES (23, '服务管理aa', 3, '2017-12-19 17:14:46');
INSERT INTO `qa_module` VALUES (24, '服务', 2, '2017-12-19 17:13:15');
INSERT INTO `qa_module` VALUES (25, 'a', 1, '2017-12-19 17:37:21');
COMMIT;

-- ----------------------------
-- Table structure for qa_suit
-- ----------------------------
DROP TABLE IF EXISTS `qa_suit`;
CREATE TABLE `qa_suit` (
  `suitid` int(11) NOT NULL AUTO_INCREMENT,
  `suitName` varchar(255) DEFAULT NULL,
  `lastbuildid` int(11) DEFAULT NULL,
  `status` int(64) DEFAULT NULL COMMENT '0,已完成，1，进行中',
  `_timestamp` timestamp NULL DEFAULT NULL,
  `email` int(22) DEFAULT '0' COMMENT '0不发送，1发送',
  `cycletime` time DEFAULT NULL,
  PRIMARY KEY (`suitid`)
) ENGINE=InnoDB AUTO_INCREMENT=80 DEFAULT CHARSET=utf8;

-- ----------------------------
-- Records of qa_suit
-- ----------------------------
BEGIN;
INSERT INTO `qa_suit` VALUES (0, '测试Demo2', 20, 1, '2017-12-19 17:47:30', 0, NULL);
INSERT INTO `qa_suit` VALUES (47, 'hello3', 0, 0, '2018-02-12 16:28:51', 0, NULL);
INSERT INTO `qa_suit` VALUES (50, 'NamingApi', 2, 1, '2018-02-28 00:28:54', 0, NULL);
INSERT INTO `qa_suit` VALUES (74, 'a', 0, 0, '2018-03-04 13:48:27', 1, '14:11:06');
INSERT INTO `qa_suit` VALUES (75, 'test0001', 0, 0, '2018-03-04 14:11:31', 0, '14:11:08');
INSERT INTO `qa_suit` VALUES (76, 'merc-api测试', 0, 0, '2018-03-04 14:28:37', 1, '05:00:45');
INSERT INTO `qa_suit` VALUES (77, 'a2', 0, 0, '2018-03-06 00:38:49', 0, NULL);
INSERT INTO `qa_suit` VALUES (78, 'aa', 0, 0, '2018-03-06 17:34:04', 1, '00:00:00');
INSERT INTO `qa_suit` VALUES (79, '添加测试套件', 8, 0, '2018-03-08 10:34:21', 0, '00:00:02');
COMMIT;

-- ----------------------------
-- Table structure for qa_suitcase
-- ----------------------------
DROP TABLE IF EXISTS `qa_suitcase`;
CREATE TABLE `qa_suitcase` (
  `id` int(11) NOT NULL AUTO_INCREMENT,
  `suitid` int(11) DEFAULT NULL,
  `caseid` int(11) NOT NULL DEFAULT '0',
  `casename` varchar(255) DEFAULT NULL,
  `requestType` varchar(255) DEFAULT NULL,
  `requestUrl` varchar(255) DEFAULT NULL,
  `requestHeader` varchar(1024) DEFAULT NULL,
  `requestBody` varchar(1024) DEFAULT NULL,
  `dependent` varchar(255) DEFAULT NULL,
  `requestOrder` int(11) DEFAULT NULL,
  `assertExp` varchar(1024) DEFAULT NULL,
  `moduleid` int(11) DEFAULT NULL,
  `disable` int(255) DEFAULT NULL COMMENT '0表示可用，1表示不在使用',
  `_timestamp` timestamp NULL DEFAULT NULL,
  `updatetime` timestamp NULL DEFAULT NULL,
  `casetype` varchar(32) DEFAULT '',
  `maincase` int(11) DEFAULT NULL,
  PRIMARY KEY (`id`)
) ENGINE=InnoDB AUTO_INCREMENT=114 DEFAULT CHARSET=utf8;

-- ----------------------------
-- Records of qa_suitcase
-- ----------------------------
BEGIN;
INSERT INTO `qa_suitcase` VALUES (1, 0, 1, '查询天气', '0', 'http://toy1.weather.com.cn/search?cityname=&callback=success_jsonpCallback&_=1507959128190', NULL, NULL, NULL, 1, NULL, 1, 0, '2018-01-01 12:00:00', '2017-10-14 13:33:38', 'MAIN', NULL);
INSERT INTO `qa_suitcase` VALUES (2, 0, 2, '查询北京天气', '1', 'http://toy1.weather.com.cn/search?cityname=&callback=success_jsonpCallback&_=1507959128190', NULL, NULL, NULL, 2, NULL, 2, 0, '2018-01-01 12:00:00', '2017-10-14 13:43:26', 'MAIN', NULL);
INSERT INTO `qa_suitcase` VALUES (3, 1, 6, '百度', '0', 'http://www.baidu.com', NULL, '', NULL, 3, NULL, 2, 0, '2018-01-01 12:00:00', '2017-10-14 18:04:07', 'MAIN', NULL);
INSERT INTO `qa_suitcase` VALUES (4, 0, 4, '查询项目信息', '3', 'http://localhost:10000/project/list/${test}/hello', '', NULL, NULL, 4, NULL, 2, 0, '2018-01-01 12:00:00', '2017-10-14 18:14:42', 'MAIN', NULL);
INSERT INTO `qa_suitcase` VALUES (5, 0, 5, '添加项目(contentType=form)', '1', 'http://localhost:10000/project/add/${test}', '', 'key=99153a,name=test,desc=${test}', NULL, 5, NULL, 2, 0, '2018-01-01 12:00:00', NULL, 'MAIN', NULL);
INSERT INTO `qa_suitcase` VALUES (6, 0, 7, 'namingapi根据名名字查询实例', '1', 'http://192.168.9.40:9898/naming/getNaming?naming=test-jinkai_mesos', NULL, NULL, NULL, 6, NULL, 2, 0, '2018-01-01 12:00:00', '2017-10-24 00:52:51', 'MAIN', NULL);
INSERT INTO `qa_suitcase` VALUES (7, 0, 8, 'code404参数解析错误', '0', 'http://localhost:8091/suitcase.html#${aaaaa}', '[{\"id\":1,\"pkey\":\"a\",\"pvalue\":\"a\",\"isNumber\":false}]', 'null', NULL, 7, '', 2, 0, '2018-01-01 12:00:00', '2017-12-23 13:21:56', 'MAIN', NULL);
INSERT INTO `qa_suitcase` VALUES (8, 0, 9, '获取module', '0', 'http://localhost:8091/api/module/', NULL, NULL, NULL, 8, NULL, 2, 0, '2018-01-01 12:00:00', NULL, 'MAIN', NULL);
INSERT INTO `qa_suitcase` VALUES (12, 0, 12, 'merc获取leader节点', '1', 'http://192.168.9.40:9898/merc/getLeader?consistent=true', '[{\"id\":1,\"pkey\":\"a\",\"pvalue\":\"http://localhost:8080http://localhost:8080http://localhost:8080http://localhost:8080\",\"isNumber\":false}]', '', NULL, 1, '', NULL, 0, '2018-01-01 12:00:00', NULL, 'MAIN', NULL);
INSERT INTO `qa_suitcase` VALUES (13, 0, 0, 'merc获取实例健康日志', '1', 'http://192.168.9.40:9898/merc/instanceInfo', '[{\"id\":1,\"pvalue\":\"http://localhost:8080http://localhost:8080http://localhost:8080http://localhost:8080\",\"pkey\":\"a\"}]', '[\"0108_test02-aos-test01\",\"0108_0112test-aos-test01\",\"0108_test03-aos-test01\"]', NULL, NULL, '', NULL, 0, '2018-01-01 12:00:00', NULL, 'MAIN', NULL);
INSERT INTO `qa_suitcase` VALUES (14, 0, 0, 'test', '0', 'http://localhost:8090', '', '', NULL, NULL, '', NULL, 0, '2018-01-01 12:00:00', NULL, 'MAIN', NULL);
INSERT INTO `qa_suitcase` VALUES (23, 1, 0, '测试一下', '4', '127.0.0.1', '', NULL, NULL, NULL, '', NULL, NULL, '2018-01-01 12:00:00', NULL, 'MAIN', NULL);
INSERT INTO `qa_suitcase` VALUES (24, 1, 0, '测试一下2', '4', 'http://www.baidu.com', '', NULL, NULL, NULL, '', NULL, NULL, '2018-01-01 12:00:00', NULL, 'MAIN', NULL);
INSERT INTO `qa_suitcase` VALUES (25, 1, 0, 'ces', '4', 'http', '', NULL, NULL, NULL, '', NULL, NULL, '2018-01-01 12:00:00', NULL, 'MAIN', NULL);
INSERT INTO `qa_suitcase` VALUES (26, 1, 0, 'http', '4', 'kkkad', '', NULL, NULL, NULL, '', NULL, NULL, '2018-01-01 12:00:00', NULL, 'MAIN', NULL);
INSERT INTO `qa_suitcase` VALUES (27, 1, 0, 'hello', '4', 'www.baidu.com', '', NULL, NULL, NULL, '', NULL, NULL, '2018-01-01 12:00:00', NULL, 'MAIN', NULL);
INSERT INTO `qa_suitcase` VALUES (28, 1, 0, 'helll', '4', 'hkk', '', NULL, NULL, NULL, '', NULL, NULL, '2018-01-01 12:00:00', NULL, 'MAIN', NULL);
INSERT INTO `qa_suitcase` VALUES (29, 1, 0, 'helll', '4', 'hkk', '', NULL, NULL, NULL, '', NULL, NULL, '2018-01-01 12:00:00', NULL, 'MAIN', NULL);
INSERT INTO `qa_suitcase` VALUES (30, 1, 0, 'aaa', '4', 'ddd', '', NULL, NULL, NULL, '', NULL, NULL, '2018-01-01 12:00:00', NULL, 'MAIN', NULL);
INSERT INTO `qa_suitcase` VALUES (41, 0, 12, 'merc获取leader节点', '1', 'http://192.168.9.40:9898/merc/getLeader?consistent=true', '', NULL, NULL, 1, '', NULL, NULL, '2018-01-01 12:00:00', NULL, 'MAIN', NULL);
INSERT INTO `qa_suitcase` VALUES (42, 0, 12, 'merc获取leader节点', '1', 'http://192.168.9.40:9898/merc/getLeader?consistent=true', '', NULL, NULL, 1, '', NULL, NULL, '2018-01-01 12:00:00', NULL, 'MAIN', NULL);
INSERT INTO `qa_suitcase` VALUES (45, 13, 0, 'hello', '0', 'http://www.baidu.com', '', '{}', NULL, 1, '', NULL, NULL, '2018-01-01 12:00:00', NULL, 'MAIN', NULL);
INSERT INTO `qa_suitcase` VALUES (46, 13, 0, 'google', '0', 'http://www.google.com', '', '{}', NULL, 0, '', NULL, NULL, '2018-01-01 12:00:00', NULL, 'POSTFIX', 45);
INSERT INTO `qa_suitcase` VALUES (47, 14, 0, 'hello', '0', 'http://192.168.9.40:9898/merc/getLeader?consistent=true', '', '', NULL, 1, '', NULL, NULL, '2018-01-01 12:00:00', NULL, 'MAIN', NULL);
INSERT INTO `qa_suitcase` VALUES (48, 50, 0, '获取merc主节点获取merc主节点', '0', 'http://www.baidu.com', '[{\"id\":1,\"pkey\":\"content-type\",\"pvalue\":\"application/json\",\"isNumber\":false},{\"id\":2,\"pkey\":\"keepalive\",\"pvalue\":\"50\",\"isNumber\":false}]', '{}', NULL, NULL, '', NULL, NULL, '2018-01-01 12:00:00', NULL, 'PREFIX', 64);
INSERT INTO `qa_suitcase` VALUES (61, 50, 0, 'hader测试 width:30 width:30', '4', 'http://www.baidu.com', '[{\"id\":1,\"pkey\":\"a\",\"pvalue\":\"http://localhost:8080http://localhost:8080http://localhost:8080http://localhost:8080\",\"isNumber\":false,\"description\":\"a\"}]', '{}', NULL, NULL, '', NULL, NULL, '2018-01-01 12:00:00', NULL, 'MAIN', NULL);
INSERT INTO `qa_suitcase` VALUES (62, 50, 0, '获取mercd leader节点', '1', 'http://192.168.9.40:9898/merc/getLeader?consistent=true', '[{\"id\":1,\"pkey\":\"Cache-Control\",\"pvalue\":\"no-cache\",\"isNumber\":false},{\"id\":2,\"pkey\":\"Postman-Token\",\"pvalue\":\"aa841340-516f-02cd-3e0d-22b70cdd00ca\",\"isNumber\":false}]', '', NULL, NULL, '', NULL, NULL, '2018-01-01 12:00:00', NULL, 'POSTFIX', 63);
INSERT INTO `qa_suitcase` VALUES (63, 50, 0, '根据IP查询服务', '1', 'http://192.168.9.40:8787/service/getInfo?ip=192.168.231.174', '', '', NULL, NULL, '', NULL, NULL, '2018-01-01 12:00:00', NULL, 'MAIN', NULL);
INSERT INTO `qa_suitcase` VALUES (64, 50, 0, 'jsonbodya', '1', 'http://www.baidu.com', '[{\"id\":1,\"pkey\":\"a\",\"pvalue\":\"1\"}]', '{\"type\":1,\"body\":[{\"id\":1,\"pkey\":\"authuser\",\"pvalue\":\"aaa\"}]}', NULL, NULL, '', NULL, NULL, '2018-01-01 12:00:00', NULL, 'MAIN', 0);
INSERT INTO `qa_suitcase` VALUES (65, 50, 0, '获取名字下环境', '2', 'http://192.168.14.186:9898/naming/getEnv', '[{\"id\":1,\"pkey\":\"a\",\"pvalue\":\"199880900990\"}]', '{\"type\":2,\"body\":[\"test-jinkai-111\",\"test-jinkai-a\"]}', NULL, NULL, '', NULL, NULL, '2018-01-01 12:00:00', NULL, 'POSTFIX', 64);
INSERT INTO `qa_suitcase` VALUES (66, 50, 0, '注册实例', '2', 'http://192.168.14.186:9898/service/addInstance', '', '{\"type\":2,\"body\":{\"service\":\"1220jinkai_200zip\",\"ins\":[{\"createTime\":\"1493209628\",\"id\":\"1220jinkai_200zip-aos-dev06\",\"idc\":\"others\",\"ip\":\"192.168.9.40\",\"machine\":\"aos-dev06\",\"machineIP\":\"192.168.9.40\",\"name\":\"1220jinkai_200zip-aos-dev06\",\"service\":\"1220jinkai_200zip\",\"state\":\"disable\",\"status\":\"4\",\"type\":\"1\"}]}}', NULL, 2, '', NULL, NULL, '2018-01-01 12:00:00', NULL, 'PREFIX', 64);
INSERT INTO `qa_suitcase` VALUES (67, 50, 0, '运行用例', '1', 'http://localhost:8096/suitcase/run/', '[{\"id\":1,\"pkey\":\"a\",\"pvalue\":\"a\",\"description\":\"a\"}]', '{\"type\":1,\"body\":[{\"id\":1,\"pkey\":\"id\",\"pvalue\":\"66\"},{\"id\":2,\"pkey\":\"buildid\",\"pvalue\":\"0\"}]}', NULL, 1, '', NULL, NULL, '2018-01-01 12:00:00', NULL, 'PREFIX', 61);
INSERT INTO `qa_suitcase` VALUES (68, 50, 0, '这个是测试请求', '1', 'http://192.168.14.186:9898/merc/getLeader?consistent=true', '', '{}', NULL, NULL, '', NULL, NULL, '2018-01-01 12:00:00', NULL, 'MAIN', NULL);
INSERT INTO `qa_suitcase` VALUES (69, 13, 0, '前置变量', '1', 'http://www.google.cn', '', '{}', NULL, NULL, '', NULL, NULL, '2018-01-01 12:00:00', NULL, 'PREFIX', 45);
INSERT INTO `qa_suitcase` VALUES (70, 13, 0, '前置变量3', '1', 'http://www.google.com', '', '{}', NULL, NULL, '', NULL, NULL, '2018-01-01 12:00:00', NULL, 'PREFIX', 45);
INSERT INTO `qa_suitcase` VALUES (71, 13, 0, 'asserttype', '1', 'http://www.baidu.com', '[{\"id\":1,\"pkey\":\"header\",\"pvalue\":\"123\"},{\"id\":2,\"pkey\":\"type\",\"pvalue\":\"json\"}]', '{}', NULL, NULL, '[{\"id\":1,\"aType\":\"code\",\"variable\":\"Status Code\",\"negation\":false,\"rule\":\"equal\",\"aValue\":\"302\"},{\"id\":2,\"aType\":\"spendTime\",\"variable\":\"Spend Time\",\"negation\":false,\"rule\":\"less\",\"aValue\":\"100\"},{\"id\":3,\"aType\":\"responseBody\",\"variable\":\"Response Body\",\"negation\":false,\"rule\":\"contain\",\"aValue\":\"helo\"}]', NULL, NULL, '2018-01-01 12:00:00', NULL, 'MAIN', NULL);
INSERT INTO `qa_suitcase` VALUES (72, 13, 0, '获取merc主节点', '2', 'http://192.168.14.186:9898/merc/getLeader?consistent=true', '[{\"id\":1,\"pkey\":\"a\",\"pvalue\":\"a\"}]', '{}', NULL, NULL, '[{\"id\":1,\"aType\":\"code\",\"variable\":\"Status Code\",\"negation\":false,\"rule\":\"equal\",\"aValue\":\"200\"},{\"id\":2,\"aType\":\"spendTime\",\"variable\":\"Spend Time\",\"negation\":false,\"rule\":\"less\",\"aValue\":\"50\"},{\"id\":3,\"aType\":\"responseBody\",\"variable\":\"Response Body\",\"negation\":false,\"rule\":\"contain\",\"aValue\":\"8980\"}]', NULL, NULL, '2018-01-01 12:00:00', NULL, 'MAIN', NULL);
INSERT INTO `qa_suitcase` VALUES (73, 47, 0, '获取名字下实例', '2', 'http://192.168.14.186:9898/naming/getEnv', '[{\"id\":1,\"pkey\":\"Connection\",\"pvalue\":\"keep-alive\",\"description\":\"长连接\"},{\"id\":2,\"pkey\":\"Content-Type\",\"pvalue\":\"application/json\",\"description\":\"编码类型\"}]', '{\"type\":2,\"body\":[\"test-jinkai-111\",\"test-jinkai-a\"]}', NULL, NULL, '[{\"id\":1,\"aType\":\"code\",\"variable\":\"Status Code\",\"negation\":false,\"rule\":\"equal\",\"aValue\":\"200\"},{\"id\":2,\"aType\":\"spendTime\",\"variable\":\"Spend Time\",\"negation\":false,\"rule\":\"less\",\"aValue\":\"10\"},{\"id\":3,\"aType\":\"responseBody\",\"variable\":\"Response Body\",\"negation\":false,\"rule\":\"contain\",\"aValue\":\"8989\"}]', NULL, NULL, '2018-01-01 12:00:00', NULL, 'MAIN', NULL);
INSERT INTO `qa_suitcase` VALUES (74, 47, 0, '获取北京天气信息', '1', 'http://toy1.weather.com.cn/search?cityname=&callback=success_jsonpCallback&_=1507959128190', '', '{}', NULL, NULL, '[{\"id\":1,\"aType\":\"code\",\"variable\":\"Status Code\",\"negation\":false,\"rule\":\"equal\",\"aValue\":\"200\"},{\"id\":2,\"aType\":\"spendTime\",\"variable\":\"Spend Time\",\"negation\":false,\"rule\":\"less\",\"aValue\":\"100\"},{\"id\":3,\"aType\":\"responseBody\",\"variable\":\"Response Body\",\"negation\":false,\"rule\":\"contain\",\"aValue\":\"beijing\"}]', NULL, NULL, '2018-01-01 12:00:00', NULL, 'MAIN', NULL);
INSERT INTO `qa_suitcase` VALUES (75, 47, 0, '百度一下', '1', 'http://www.baidu.com', '[{\"id\":1,\"pkey\":\"type\",\"pvalue\":\"akkcd\"}]', '{}', NULL, NULL, '[{\"id\":1,\"aType\":\"code\",\"variable\":\"Status Code\",\"negation\":false,\"rule\":\"equal\",\"aValue\":\"200\"},{\"id\":2,\"aType\":\"spendTime\",\"variable\":\"Spend Time\",\"negation\":true,\"rule\":\"greater\",\"aValue\":\"200\"},{\"id\":3,\"aType\":\"responseBody\",\"variable\":\"Response Body\",\"negation\":false,\"rule\":\"contain\",\"aValue\":\"baidu\"}]', NULL, NULL, '2018-01-01 12:00:00', NULL, 'MAIN', NULL);
INSERT INTO `qa_suitcase` VALUES (78, 76, 0, 'ad', '3', 'http://localhost:4000/suitcase/76', '', '{}', NULL, NULL, '', NULL, NULL, NULL, NULL, 'MAIN', NULL);
INSERT INTO `qa_suitcase` VALUES (79, 76, 0, 'AA', '1', 'HTTP://WWW.BAIDU.COM', '', '{}', NULL, NULL, '', NULL, NULL, NULL, NULL, 'MAIN', NULL);
INSERT INTO `qa_suitcase` VALUES (100, 77, 0, 'test', '1', 'http://localhost:4000/suitcase/77', '[{\"id\":1,\"pkey\":\"Content-Type\",\"pvalue\":\"a\",\"description\":\"11\"}]', '{}', NULL, 1, '', NULL, NULL, NULL, NULL, 'MAIN', NULL);
INSERT INTO `qa_suitcase` VALUES (101, 78, 0, '获取merc主节点', '1', 'http://192.168.14.186:9898/merc/getLeader?consistent=true', '', '{}', NULL, 0, '', NULL, NULL, NULL, NULL, 'MAIN', NULL);
INSERT INTO `qa_suitcase` VALUES (102, 78, 0, '上报心跳', '2', 'http://192.168.9.40:8989/instance/heartBeat', '', '{\"type\":2,\"body\":{\"ins\":\"1220jinkai_200zip-aos-test01\",\"active\":\"1\",\"checkErr\":\"hello\",\"reloadErr\":\"rrrrrdddddeeeeee\"}}', NULL, 1, '', NULL, NULL, NULL, NULL, 'MAIN', NULL);
INSERT INTO `qa_suitcase` VALUES (103, 78, 0, 'hello', '1', 'http://www.baidu.com', '[{\"id\":1,\"pkey\":\"a\",\"pvalue\":\"1\"},{\"id\":2,\"pkey\":\"Server\",\"pvalue\":\"2\"},{\"id\":3,\"pkey\":\"3\",\"pvalue\":\"3\"}]', '{\"type\":2,\"body\":{\"code\":200,\"msg\":null,\"data\":{\"suitid\":78,\"suitname\":\"aa\",\"lastbuildid\":0,\"status\":0,\"timestamp\":1520328844000,\"email\":true,\"cycletime\":\"00:00:00\"}}}', NULL, 1, '', NULL, NULL, NULL, NULL, 'MAIN', NULL);
INSERT INTO `qa_suitcase` VALUES (104, 78, 0, 'aa', '1', 'http://localhost:4000/suitcase/78', '[{\"id\":1,\"pkey\":\"Connection\",\"pvalue\":\"\"}]', '{\"type\":1,\"body\":[{\"id\":1,\"pkey\":\"c\",\"pvalue\":\"1\",\"description\":\"2\"}]}', NULL, 1, '[{\"id\":1,\"aType\":\"code\",\"variable\":\"Status Code\",\"negation\":true,\"rule\":\"equal\",\"aValue\":\"a\"},{\"id\":2,\"aType\":\"spendTime\",\"variable\":\"Spend Time\",\"negation\":true,\"rule\":\"greater\",\"aValue\":\"1\"},{\"id\":3,\"aType\":\"variable\",\"variable\":\"Status Codeaa\",\"negation\":true,\"rule\":\"contain\",\"aValue\":\"aa\"}]', NULL, NULL, NULL, NULL, 'MAIN', NULL);
INSERT INTO `qa_suitcase` VALUES (106, 79, 0, '前置请求', '1', 'http://localhost:4000/suitcase/79', '[]', '{\"type\":1,\"body\":[]}', NULL, 1, '[{\"id\":1,\"aType\":\"code\",\"variable\":\"Status Code\",\"negation\":false,\"rule\":\"equal\",\"aValue\":\"200\"}]', NULL, NULL, NULL, NULL, 'PREFIX', 105);
INSERT INTO `qa_suitcase` VALUES (109, 79, 0, '访问百度', '1', 'http://www.baidu.com', '[]', '{\"type\":1,\"body\":[]}', NULL, 1, '[{\"id\":1,\"aType\":\"code\",\"variable\":\"Status Code\",\"negation\":false,\"rule\":\"less\",\"aValue\":\"400\"}]', NULL, NULL, NULL, NULL, 'MAIN', NULL);
INSERT INTO `qa_suitcase` VALUES (110, 79, 0, '访问百度1', '1', 'http://www.baidu.com', '[]', '{\"type\":1,\"body\":[]}', NULL, 1, '', NULL, NULL, NULL, NULL, 'PREFIX', 109);
INSERT INTO `qa_suitcase` VALUES (111, 79, 0, '访问百度前置2', '1', 'http://www.baidu.com', '[]', '{\"type\":1,\"body\":[]}', NULL, 1, '', NULL, NULL, NULL, NULL, 'PREFIX', 109);
INSERT INTO `qa_suitcase` VALUES (112, 79, 0, '访问百度后置1', '1', 'http://www.baidu.com', '[]', '{\"type\":1,\"body\":[]}', NULL, 1, '[{\"id\":1,\"aType\":\"spendTime\",\"variable\":\"Spend Time\",\"negation\":false,\"rule\":\"less\",\"aValue\":\"1000\"}]', NULL, NULL, NULL, NULL, 'POSTFIX', 109);
INSERT INTO `qa_suitcase` VALUES (113, 79, 0, '访问百度后置请求2', '1', 'http://www.baidu.com', '[]', '{\"type\":1,\"body\":[]}', NULL, 2, '[{\"id\":1,\"aType\":\"code\",\"variable\":\"Status Code\",\"negation\":false,\"rule\":\"equal\",\"aValue\":\"200\"}]', NULL, NULL, NULL, NULL, 'POSTFIX', 109);
COMMIT;

-- ----------------------------
-- Table structure for qa_suitcase_build_report
-- ----------------------------
DROP TABLE IF EXISTS `qa_suitcase_build_report`;
CREATE TABLE `qa_suitcase_build_report` (
  `id` int(11) NOT NULL,
  `suitid` int(11) DEFAULT NULL,
  `buildid` int(11) DEFAULT NULL,
  `total` int(255) DEFAULT NULL,
  `success` int(255) DEFAULT NULL,
  `fail` int(255) DEFAULT NULL,
  `successPer` float(4,3) DEFAULT NULL,
  `unexe` int(255) DEFAULT NULL,
  `_timestamp` timestamp NULL DEFAULT NULL,
  PRIMARY KEY (`id`)
) ENGINE=InnoDB DEFAULT CHARSET=utf8;

-- ----------------------------
-- Records of qa_suitcase_build_report
-- ----------------------------
BEGIN;
INSERT INTO `qa_suitcase_build_report` VALUES (1, 1, 1, 10, 9, 1, 1.000, 0, '2017-10-12 23:11:32');
INSERT INTO `qa_suitcase_build_report` VALUES (2, 1, 2, 9, 8, 0, 1.000, 0, '2017-10-12 23:11:28');
INSERT INTO `qa_suitcase_build_report` VALUES (3, 1, 3, 8, 4, 4, 0.500, 0, '2017-10-12 23:12:23');
INSERT INTO `qa_suitcase_build_report` VALUES (4, 2, 4, 8, 4, 0, 0.568, 4, '2017-10-12 23:13:36');
COMMIT;

-- ----------------------------
-- Table structure for qa_suitcase_result
-- ----------------------------
DROP TABLE IF EXISTS `qa_suitcase_result`;
CREATE TABLE `qa_suitcase_result` (
  `id` int(11) NOT NULL AUTO_INCREMENT,
  `suitcaseid` int(11) DEFAULT NULL,
  `suitid` int(11) DEFAULT NULL,
  `buildid` int(11) DEFAULT NULL,
  `responseHeader` varchar(1024) DEFAULT NULL,
  `responseBody` varchar(4096) DEFAULT NULL,
  `responseCode` varchar(255) DEFAULT NULL,
  `responseTime` int(11) DEFAULT NULL,
  `assertLog` varchar(4096) DEFAULT NULL,
  `status` int(255) DEFAULT NULL COMMENT '0未执行，1执行成功，2执行失败,3依赖失败',
  `_timestamp` timestamp NULL DEFAULT NULL,
  `updatetime` timestamp NULL DEFAULT NULL,
  `requestHeader` varchar(1024) DEFAULT NULL,
  `requestUrl` varchar(1024) DEFAULT NULL,
  `requestBody` varchar(1024) DEFAULT NULL,
  `assertExp` varchar(4096) DEFAULT NULL,
  `casetype` varchar(32) DEFAULT NULL,
  `maincase` int(11) DEFAULT NULL,
  PRIMARY KEY (`id`)
) ENGINE=InnoDB AUTO_INCREMENT=420 DEFAULT CHARSET=utf8;

-- ----------------------------
-- Records of qa_suitcase_result
-- ----------------------------
BEGIN;
INSERT INTO `qa_suitcase_result` VALUES (359, 73, 47, 0, 'Connection:keep-alive;Content-Type:application/json;Content-Type:application/json;', '{\"code\":200,\"msg\":\"\",\"data\":{\"test-jinkai-111\":[\"aaaa\",\"ddddd\",\"huidu\",\"idc2\",\"idc5\",\"smallflow1\",\"xyy\",\"a_a\",\"idc1\",\"smallflow2\"]}}', '200', 22, '[{\"assertType\":\"url\",\"success\":1,\"message\":null},{\"assertType\":\"header\",\"success\":1,\"message\":null},{\"assertType\":\"body\",\"success\":1,\"message\":null},{\"assertType\":\"assert\",\"success\":0,\"message\":[{\"success\":1,\"id\":1,\"message\":\"Status Code:200\"},{\"success\":0,\"id\":2,\"message\":\"Spend Time:22\"},{\"success\":0,\"id\":3,\"message\":\"Response Body:{\\\"code\\\":200,\\\"msg\\\":\\\"\\\",\\\"data\\\":{\\\"test-jinkai-111\\\":[\\\"aaaa\\\",\\\"ddddd\\\",\\\"huidu\\\",\\\"idc2\\\",\\\"idc5\\\",\\\"smallflow1\\\",\\\"xyy\\\",\\\"a_a\\\",\\\"idc1\\\",\\\"smallflow2\\\"]}}\"}]}]', 2, '2018-02-26 15:24:35', '2018-02-26 19:52:29', '[{\"id\":1,\"pkey\":\"Connection\",\"pvalue\":\"keep-alive\",\"description\":\"长连接\"},{\"id\":2,\"pkey\":\"Content-Type\",\"pvalue\":\"application/json\",\"description\":\"编码类型\"}]', 'http://192.168.14.186:9898/naming/getEnv', '{\"type\":2,\"body\":[\"test-jinkai-111\",\"test-jinkai-a\"]}', '[{\"id\":1,\"aType\":\"code\",\"variable\":\"Status Code\",\"negation\":false,\"rule\":\"equal\",\"aValue\":\"200\"},{\"id\":2,\"aType\":\"spendTime\",\"variable\":\"Spend Time\",\"negation\":false,\"rule\":\"less\",\"aValue\":\"100\"},{\"id\":3,\"aType\":\"responseBody\",\"variable\":\"Response Body\",\"negation\":false,\"rule\":\"contain\",\"aValue\":\"beijing\"}]', NULL, NULL);
INSERT INTO `qa_suitcase_result` VALUES (360, 74, 47, 0, '', '<!DOCTYPE html>\n<html lang=\"en\">\n<head>\n  <meta charset=\"UTF-8\">\n  <title></title>\n  <style>\n    /* http://prismjs.com/download.html?themes=prism&languages=markup+css+clike+javascript&plugins=line-highlight+line-numbers+toolbar+show-language */\n    /**\n     * prism.js default theme for JavaScript, CSS and HTML\n     * Based on dabblet (http://dabblet.com)\n     * @author Lea Verou\n     */\n    code[class*=\"language-\"],\n    pre[class*=\"language-\"] {\n      color: black;\n      background: none;\n      text-shadow: 0 1px white;\n      font-family: Consolas, Monaco, \'Andale Mono\', \'Ubuntu Mono\', monospace;\n      text-align: left;\n      white-space: pre;\n      word-spacing: normal;\n      word-break: normal;\n      word-wrap: normal;\n      line-height: 1.5;\n      -moz-tab-size: 4;\n      -o-tab-size: 4;\n      tab-size: 4;\n      -webkit-hyphens: none;\n      -moz-hyphens: none;\n      -ms-hyphens: none;\n      hyphens: none;\n    }\n    pre[class*=\"language-\"]::-moz-selection, pre[class*=\"language-\"] ::-moz-selection,\n    code[c', '403', 3089, '[{\"assertType\":\"url\",\"success\":1,\"message\":null},{\"assertType\":\"header\",\"success\":1,\"message\":null},{\"assertType\":\"body\",\"success\":1,\"message\":null},{\"assertType\":\"assert\",\"success\":0,\"message\":[{\"success\":0,\"id\":1,\"message\":\"Status Code:403\"},{\"success\":0,\"id\":2,\"message\":\"Spend Time:3089\"},{\"success\":0,\"id\":3,\"message\":\"Response Body:<!DOCTYPE html>\\n<html lang=\\\"en\\\">\\n<head>\\n  <meta charset=\\\"UTF-8\\\">\\n  <title></title>\\n  <style>\\n    /* http://prismjs.com/download.html?themes=prism&languages=markup+css+clike+javascript&plugins=line-highlight+line-numbers+toolbar+show-language */\\n    /**\\n     * prism.js default theme for JavaScript, CSS and HTML\\n     * Based on dabblet (http://dabblet.com)\\n     * @author Lea Verou\\n     */\\n    code[class*=\\\"language-\\\"],\\n    pre[class*=\\\"language-\\\"] {\\n      color: black;\\n      background: none;\\n      text-shadow: 0 1px white;\\n      font-family: Consolas, Monaco, \'Andale Mono\', \'Ubuntu Mono\', monospace;\\n      text-align: left;\\n      white-space: pre;\\n      word-spacing: normal;\\n      word-break: normal;\\n      word-wrap: normal;\\n      line-height: 1.5;\\n      -moz-tab-size: 4;\\n      -o-tab-size: 4;\\n      tab-size: 4;\\n      -webkit-hyphens: none;\\n      -moz-hyphens: none;\\n      -ms-hyphens: none;\\n      hyphens: none;\\n    }\\n    pre[class*=\\\"language-\\\"]::-moz-selection, pre[class*=\\\"language-\\\"] ::-moz-selection,\\n    code[c\"}]}]', 2, '2018-02-26 15:40:24', '2018-02-26 15:56:28', '', 'http://toy1.weather.com.cn/search?cityname=&callback=success_jsonpCallback&_=1507959128190', '{}', NULL, NULL, NULL);
INSERT INTO `qa_suitcase_result` VALUES (361, 75, 47, 0, 'type:akkcd;', '<html>\r\n<head>\r\n<meta http-equiv=\"content-type\" content=\"text/html;charset=utf-8\">\r\n<style data-for=\"result\" id=\"css_result\">\r\nbody{color:#333;background:#fff;padding:6px 0 0;margin:0;position:relative;min-width:900px}body,th,td,.p1,.p2{font-family:arial}p,form,ol,ul,li,dl,dt,dd,h3{margin:0;padding:0;list-style:none}input{padding-top:0;padding-bottom:0;-moz-box-sizing:border-box;-webkit-box-sizing:border-box;box-sizing:border-box}table,img{border:0}td{font-size:9pt;line-height:18px}\r\n\r\n\r\n\r\n#foot{font-size:12px}.logo{width:117px;height:38px;cursor:pointer}\r\n\r\n#u,#head,#tool,#search,.p1{line-height:120%;margin-left:-12pt}.p2{width:100%;line-height:120%;margin-left:-12pt}#wrapper{_zoom:1}#container{word-break:break-all;word-wrap:break-word}.container_s{width:1002px}.container_l{width:1222px}#content_left{width:636px;float:left;padding-left:35px}#content_right{border-left:1px solid #e1e1e1;float:right}.container_s #content_right{width:271px}.container_l #content_right{width:434px}.content_none{padding-left:35px}#', '302', 80, '[{\"assertType\":\"url\",\"success\":1,\"message\":null},{\"assertType\":\"header\",\"success\":1,\"message\":null},{\"assertType\":\"body\",\"success\":1,\"message\":null},{\"assertType\":\"assert\",\"success\":0,\"message\":[{\"success\":0,\"id\":1,\"message\":\"302\"},{\"success\":1,\"id\":2,\"message\":80},{\"success\":0,\"id\":3,\"message\":\"<html>\\r\\n<head>\\r\\n<meta http-equiv=\\\"content-type\\\" content=\\\"text/html;charset=utf-8\\\">\\r\\n<style data-for=\\\"result\\\" id=\\\"css_result\\\">\\r\\nbody{color:#333;background:#fff;padding:6px 0 0;margin:0;position:relative;min-width:900px}body,th,td,.p1,.p2{font-family:arial}p,form,ol,ul,li,dl,dt,dd,h3{margin:0;padding:0;list-style:none}input{padding-top:0;padding-bottom:0;-moz-box-sizing:border-box;-webkit-box-sizing:border-box;box-sizing:border-box}table,img{border:0}td{font-size:9pt;line-height:18px}\\r\\n\\r\\n\\r\\n\\r\\n#foot{font-size:12px}.logo{width:117px;height:38px;cursor:pointer}\\r\\n\\r\\n#u,#head,#tool,#search,.p1{line-height:120%;margin-left:-12pt}.p2{width:100%;line-height:120%;margin-left:-12pt}#wrapper{_zoom:1}#container{word-break:break-all;word-wrap:break-word}.container_s{width:1002px}.container_l{width:1222px}#content_left{width:636px;float:left;padding-left:35px}#content_right{border-left:1px solid #e1e1e1;float:right}.container_s #content_right{width:271px}.container_l #content_right{width:434px}.content_none{padding-left:35px}#\"}]}]', 2, '2018-02-27 01:16:29', '2018-02-27 02:01:32', '[{\"id\":1,\"pkey\":\"type\",\"pvalue\":\"akkcd\"}]', 'http://www.baidu.com', '{}', '[{\"id\":1,\"negation\":false,\"result\":{\"success\":0,\"id\":1,\"message\":\"302\"},\"rule\":\"equal\",\"type\":\"code\",\"value\":\"200\",\"variable\":\"Status Code\"},{\"id\":2,\"negation\":true,\"result\":{\"success\":1,\"id\":2,\"message\":80},\"rule\":\"greater\",\"type\":\"spendTime\",\"value\":\"200\",\"variable\":\"Spend Time\"},{\"id\":3,\"negation\":false,\"result\":{\"success\":0,\"id\":3,\"message\":\"<html>\\r\\n<head>\\r\\n<meta http-equiv=\\\"content-type\\\" content=\\\"text/html;charset=utf-8\\\">\\r\\n<style data-for=\\\"result\\\" id=\\\"css_result\\\">\\r\\nbody{color:#333;background:#fff;padding:6px 0 0;margin:0;position:relative;min-width:900px}body,th,td,.p1,.p2{font-family:arial}p,form,ol,ul,li,dl,dt,dd,h3{margin:0;padding:0;list-style:none}input{padding-top:0;padding-bottom:0;-moz-box-sizing:border-box;-webkit-box-sizing:border-box;box-sizing:border-box}table,img{border:0}td{font-size:9pt;line-height:18px}\\r\\n\\r\\n\\r\\n\\r\\n#foot{font-size:12px}.logo{width:117px;height:38px;cursor:pointer}\\r\\n\\r\\n#u,#head,#tool,#search,.p1{line-height:120%;margin-left:-12pt}.p2{width:100%;line-height:120%;margin-left:-12pt}#wrapper{_zoom:1}#container{word-break:break-all;word-wrap:break-word}.container_s{width:1002px}.container_l{width:1222px}#content_left{width:636px;float:left;padding-left:35px}#content_right{border-left:1px solid #e1e1e1;float:right}.container_s #content_right{width:271px}.container_l #content_right{width:434px}.content_none{padding-left:35px}#\"},\"rule\":\"contain\",\"type\":\"responseBody\",\"value\":\"baidu\",\"variable\":\"Response Body\"}]', NULL, NULL);
INSERT INTO `qa_suitcase_result` VALUES (362, 101, 78, 0, '', '192.168.9.40:8989', '200', 156, '[{\"assertType\":\"url\",\"success\":1,\"message\":null},{\"assertType\":\"header\",\"success\":1,\"message\":null},{\"assertType\":\"body\",\"success\":1,\"message\":null},{\"assertType\":\"assert\",\"success\":1,\"message\":null}]', 1, '2018-03-07 11:35:22', '2018-03-07 16:04:28', '', 'http://192.168.14.186:9898/merc/getLeader?consistent=true', '{}', '[]', NULL, NULL);
INSERT INTO `qa_suitcase_result` VALUES (371, 106, 79, 0, '', '<!DOCTYPE html>\n<html lang=\"en\">\n<head>\n<meta charset=\"utf-8\">\n<title>Error</title>\n</head>\n<body>\n<pre>Cannot POST /suitcase/79</pre>\n</body>\n</html>', '404', 77, '[{\"assertType\":\"url\",\"success\":1,\"message\":null},{\"assertType\":\"header\",\"success\":1,\"message\":null},{\"assertType\":\"body\",\"success\":1,\"message\":null},{\"assertType\":\"assert\",\"success\":0,\"message\":[{\"success\":0,\"id\":1,\"message\":\"404\"}]}]', 2, '2018-03-08 14:45:05', NULL, '[]', 'http://localhost:4000/suitcase/79', '{\"type\":1,\"body\":[]}', '[{\"id\":1,\"negation\":false,\"result\":{\"success\":0,\"id\":1,\"message\":\"404\"},\"rule\":\"equal\",\"type\":\"code\",\"value\":\"200\",\"variable\":\"Status Code\"}]', 'PREFIX', 105);
INSERT INTO `qa_suitcase_result` VALUES (372, 105, 79, 0, NULL, NULL, NULL, NULL, NULL, 3, '2018-03-08 14:45:05', NULL, NULL, NULL, NULL, NULL, 'MAIN', NULL);
INSERT INTO `qa_suitcase_result` VALUES (378, 110, 79, 0, '', '<html>\r\n<head>\r\n<meta http-equiv=\"content-type\" content=\"text/html;charset=utf-8\">\r\n<style data-for=\"result\" id=\"css_result\">\r\nbody{color:#333;background:#fff;padding:6px 0 0;margin:0;position:relative;min-width:900px}body,th,td,.p1,.p2{font-family:arial}p,form,ol,ul,li,dl,dt,dd,h3{margin:0;padding:0;list-style:none}input{padding-top:0;padding-bottom:0;-moz-box-sizing:border-box;-webkit-box-sizing:border-box;box-sizing:border-box}table,img{border:0}td{font-size:9pt;line-height:18px}\r\n\r\n\r\n\r\n#foot{font-size:12px}.logo{width:117px;height:38px;cursor:pointer}\r\n\r\n#u,#head,#tool,#search,.p1{line-height:120%;margin-left:-12pt}.p2{width:100%;line-height:120%;margin-left:-12pt}#wrapper{_zoom:1}#container{word-break:break-all;word-wrap:break-word}.container_s{width:1002px}.container_l{width:1222px}#content_left{width:636px;float:left;padding-left:35px}#content_right{border-left:1px solid #e1e1e1;float:right}.container_s #content_right{width:271px}.container_l #content_right{width:434px}.content_none{padding-left:35px}#', '302', 21, '[{\"assertType\":\"url\",\"success\":1,\"message\":null},{\"assertType\":\"header\",\"success\":1,\"message\":null},{\"assertType\":\"body\",\"success\":1,\"message\":null},{\"assertType\":\"assert\",\"success\":1,\"message\":null}]', 1, '2018-03-08 17:20:50', '2018-06-22 18:29:39', '[]', 'http://www.baidu.com', '{\"type\":1,\"body\":[]}', '[]', 'PREFIX', 109);
INSERT INTO `qa_suitcase_result` VALUES (379, 111, 79, 0, '', '<html>\r\n<head>\r\n<meta http-equiv=\"content-type\" content=\"text/html;charset=utf-8\">\r\n<style data-for=\"result\" id=\"css_result\">\r\nbody{color:#333;background:#fff;padding:6px 0 0;margin:0;position:relative;min-width:900px}body,th,td,.p1,.p2{font-family:arial}p,form,ol,ul,li,dl,dt,dd,h3{margin:0;padding:0;list-style:none}input{padding-top:0;padding-bottom:0;-moz-box-sizing:border-box;-webkit-box-sizing:border-box;box-sizing:border-box}table,img{border:0}td{font-size:9pt;line-height:18px}\r\n\r\n\r\n\r\n#foot{font-size:12px}.logo{width:117px;height:38px;cursor:pointer}\r\n\r\n#u,#head,#tool,#search,.p1{line-height:120%;margin-left:-12pt}.p2{width:100%;line-height:120%;margin-left:-12pt}#wrapper{_zoom:1}#container{word-break:break-all;word-wrap:break-word}.container_s{width:1002px}.container_l{width:1222px}#content_left{width:636px;float:left;padding-left:35px}#content_right{border-left:1px solid #e1e1e1;float:right}.container_s #content_right{width:271px}.container_l #content_right{width:434px}.content_none{padding-left:35px}#', '302', 57, '[{\"assertType\":\"url\",\"success\":1,\"message\":null},{\"assertType\":\"header\",\"success\":1,\"message\":null},{\"assertType\":\"body\",\"success\":1,\"message\":null},{\"assertType\":\"assert\",\"success\":1,\"message\":null}]', 1, '2018-03-08 17:20:50', '2018-06-22 18:29:39', '[]', 'http://www.baidu.com', '{\"type\":1,\"body\":[]}', '[]', 'PREFIX', 109);
INSERT INTO `qa_suitcase_result` VALUES (380, 109, 79, 0, '', '<html>\r\n<head>\r\n<meta http-equiv=\"content-type\" content=\"text/html;charset=utf-8\">\r\n<style data-for=\"result\" id=\"css_result\">\r\nbody{color:#333;background:#fff;padding:6px 0 0;margin:0;position:relative;min-width:900px}body,th,td,.p1,.p2{font-family:arial}p,form,ol,ul,li,dl,dt,dd,h3{margin:0;padding:0;list-style:none}input{padding-top:0;padding-bottom:0;-moz-box-sizing:border-box;-webkit-box-sizing:border-box;box-sizing:border-box}table,img{border:0}td{font-size:9pt;line-height:18px}\r\n\r\n\r\n\r\n#foot{font-size:12px}.logo{width:117px;height:38px;cursor:pointer}\r\n\r\n#u,#head,#tool,#search,.p1{line-height:120%;margin-left:-12pt}.p2{width:100%;line-height:120%;margin-left:-12pt}#wrapper{_zoom:1}#container{word-break:break-all;word-wrap:break-word}.container_s{width:1002px}.container_l{width:1222px}#content_left{width:636px;float:left;padding-left:35px}#content_right{border-left:1px solid #e1e1e1;float:right}.container_s #content_right{width:271px}.container_l #content_right{width:434px}.content_none{padding-left:35px}#', '302', 22, '[{\"assertType\":\"url\",\"success\":1,\"message\":null},{\"assertType\":\"header\",\"success\":1,\"message\":null},{\"assertType\":\"body\",\"success\":1,\"message\":null},{\"assertType\":\"assert\",\"success\":1,\"message\":[{\"success\":1,\"id\":1,\"message\":\"302\"}]}]', 3, '2018-03-08 17:20:50', '2018-06-22 18:29:40', '[]', 'http://www.baidu.com', '{\"type\":1,\"body\":[]}', '[{\"id\":1,\"negation\":false,\"result\":{\"success\":1,\"id\":1,\"message\":\"302\"},\"rule\":\"less\",\"type\":\"code\",\"value\":\"400\",\"variable\":\"Status Code\"}]', 'MAIN', NULL);
INSERT INTO `qa_suitcase_result` VALUES (381, 112, 79, 0, '', '<html>\r\n<head>\r\n<meta http-equiv=\"content-type\" content=\"text/html;charset=utf-8\">\r\n<style data-for=\"result\" id=\"css_result\">\r\nbody{color:#333;background:#fff;padding:6px 0 0;margin:0;position:relative;min-width:900px}body,th,td,.p1,.p2{font-family:arial}p,form,ol,ul,li,dl,dt,dd,h3{margin:0;padding:0;list-style:none}input{padding-top:0;padding-bottom:0;-moz-box-sizing:border-box;-webkit-box-sizing:border-box;box-sizing:border-box}table,img{border:0}td{font-size:9pt;line-height:18px}\r\n\r\n\r\n\r\n#foot{font-size:12px}.logo{width:117px;height:38px;cursor:pointer}\r\n\r\n#u,#head,#tool,#search,.p1{line-height:120%;margin-left:-12pt}.p2{width:100%;line-height:120%;margin-left:-12pt}#wrapper{_zoom:1}#container{word-break:break-all;word-wrap:break-word}.container_s{width:1002px}.container_l{width:1222px}#content_left{width:636px;float:left;padding-left:35px}#content_right{border-left:1px solid #e1e1e1;float:right}.container_s #content_right{width:271px}.container_l #content_right{width:434px}.content_none{padding-left:35px}#', '302', 1040, '[{\"assertType\":\"url\",\"success\":1,\"message\":null},{\"assertType\":\"header\",\"success\":1,\"message\":null},{\"assertType\":\"body\",\"success\":1,\"message\":null},{\"assertType\":\"assert\",\"success\":0,\"message\":[{\"success\":0,\"id\":1,\"message\":1040}]}]', 2, '2018-03-08 17:20:50', '2018-06-22 18:29:40', '[]', 'http://www.baidu.com', '{\"type\":1,\"body\":[]}', '[{\"id\":1,\"negation\":false,\"result\":{\"success\":0,\"id\":1,\"message\":1040},\"rule\":\"less\",\"type\":\"spendTime\",\"value\":\"1000\",\"variable\":\"Spend Time\"}]', 'POSTFIX', 109);
INSERT INTO `qa_suitcase_result` VALUES (382, 113, 79, 0, '', '<html>\r\n<head>\r\n<meta http-equiv=\"content-type\" content=\"text/html;charset=utf-8\">\r\n<style data-for=\"result\" id=\"css_result\">\r\nbody{color:#333;background:#fff;padding:6px 0 0;margin:0;position:relative;min-width:900px}body,th,td,.p1,.p2{font-family:arial}p,form,ol,ul,li,dl,dt,dd,h3{margin:0;padding:0;list-style:none}input{padding-top:0;padding-bottom:0;-moz-box-sizing:border-box;-webkit-box-sizing:border-box;box-sizing:border-box}table,img{border:0}td{font-size:9pt;line-height:18px}\r\n\r\n\r\n\r\n#foot{font-size:12px}.logo{width:117px;height:38px;cursor:pointer}\r\n\r\n#u,#head,#tool,#search,.p1{line-height:120%;margin-left:-12pt}.p2{width:100%;line-height:120%;margin-left:-12pt}#wrapper{_zoom:1}#container{word-break:break-all;word-wrap:break-word}.container_s{width:1002px}.container_l{width:1222px}#content_left{width:636px;float:left;padding-left:35px}#content_right{border-left:1px solid #e1e1e1;float:right}.container_s #content_right{width:271px}.container_l #content_right{width:434px}.content_none{padding-left:35px}#', '302', 19, '[{\"assertType\":\"url\",\"success\":1,\"message\":null},{\"assertType\":\"header\",\"success\":1,\"message\":null},{\"assertType\":\"body\",\"success\":1,\"message\":null},{\"assertType\":\"assert\",\"success\":0,\"message\":[{\"success\":0,\"id\":1,\"message\":\"302\"}]}]', 2, '2018-03-08 17:20:50', '2018-06-22 18:29:40', '[]', 'http://www.baidu.com', '{\"type\":1,\"body\":[]}', '[{\"id\":1,\"negation\":false,\"result\":{\"success\":0,\"id\":1,\"message\":\"302\"},\"rule\":\"equal\",\"type\":\"code\",\"value\":\"200\",\"variable\":\"Status Code\"}]', 'POSTFIX', 109);
INSERT INTO `qa_suitcase_result` VALUES (383, 110, 79, 2, '', '<html>\r\n<head>\r\n<meta http-equiv=\"content-type\" content=\"text/html;charset=utf-8\">\r\n<style data-for=\"result\" id=\"css_result\">\r\nbody{color:#333;background:#fff;padding:6px 0 0;margin:0;position:relative;min-width:900px}body,th,td,.p1,.p2{font-family:arial}p,form,ol,ul,li,dl,dt,dd,h3{margin:0;padding:0;list-style:none}input{padding-top:0;padding-bottom:0;-moz-box-sizing:border-box;-webkit-box-sizing:border-box;box-sizing:border-box}table,img{border:0}td{font-size:9pt;line-height:18px}\r\n\r\n\r\n\r\n#foot{font-size:12px}.logo{width:117px;height:38px;cursor:pointer}\r\n\r\n#u,#head,#tool,#search,.p1{line-height:120%;margin-left:-12pt}.p2{width:100%;line-height:120%;margin-left:-12pt}#wrapper{_zoom:1}#container{word-break:break-all;word-wrap:break-word}.container_s{width:1002px}.container_l{width:1222px}#content_left{width:636px;float:left;padding-left:35px}#content_right{border-left:1px solid #e1e1e1;float:right}.container_s #content_right{width:271px}.container_l #content_right{width:434px}.content_none{padding-left:35px}#', '302', 21, '[{\"assertType\":\"url\",\"success\":1,\"message\":null},{\"assertType\":\"header\",\"success\":1,\"message\":null},{\"assertType\":\"body\",\"success\":1,\"message\":null},{\"assertType\":\"assert\",\"success\":1,\"message\":null}]', 1, '2018-03-08 18:03:03', NULL, '[]', 'http://www.baidu.com', '{\"type\":1,\"body\":[]}', '[]', 'PREFIX', 109);
INSERT INTO `qa_suitcase_result` VALUES (384, 111, 79, 2, '', '<html>\r\n<head>\r\n<meta http-equiv=\"content-type\" content=\"text/html;charset=utf-8\">\r\n<style data-for=\"result\" id=\"css_result\">\r\nbody{color:#333;background:#fff;padding:6px 0 0;margin:0;position:relative;min-width:900px}body,th,td,.p1,.p2{font-family:arial}p,form,ol,ul,li,dl,dt,dd,h3{margin:0;padding:0;list-style:none}input{padding-top:0;padding-bottom:0;-moz-box-sizing:border-box;-webkit-box-sizing:border-box;box-sizing:border-box}table,img{border:0}td{font-size:9pt;line-height:18px}\r\n\r\n\r\n\r\n#foot{font-size:12px}.logo{width:117px;height:38px;cursor:pointer}\r\n\r\n#u,#head,#tool,#search,.p1{line-height:120%;margin-left:-12pt}.p2{width:100%;line-height:120%;margin-left:-12pt}#wrapper{_zoom:1}#container{word-break:break-all;word-wrap:break-word}.container_s{width:1002px}.container_l{width:1222px}#content_left{width:636px;float:left;padding-left:35px}#content_right{border-left:1px solid #e1e1e1;float:right}.container_s #content_right{width:271px}.container_l #content_right{width:434px}.content_none{padding-left:35px}#', '302', 13, '[{\"assertType\":\"url\",\"success\":1,\"message\":null},{\"assertType\":\"header\",\"success\":1,\"message\":null},{\"assertType\":\"body\",\"success\":1,\"message\":null},{\"assertType\":\"assert\",\"success\":1,\"message\":null}]', 1, '2018-03-08 18:03:03', NULL, '[]', 'http://www.baidu.com', '{\"type\":1,\"body\":[]}', '[]', 'PREFIX', 109);
INSERT INTO `qa_suitcase_result` VALUES (385, 109, 79, 2, '', '<html>\r\n<head>\r\n<meta http-equiv=\"content-type\" content=\"text/html;charset=utf-8\">\r\n<style data-for=\"result\" id=\"css_result\">\r\nbody{color:#333;background:#fff;padding:6px 0 0;margin:0;position:relative;min-width:900px}body,th,td,.p1,.p2{font-family:arial}p,form,ol,ul,li,dl,dt,dd,h3{margin:0;padding:0;list-style:none}input{padding-top:0;padding-bottom:0;-moz-box-sizing:border-box;-webkit-box-sizing:border-box;box-sizing:border-box}table,img{border:0}td{font-size:9pt;line-height:18px}\r\n\r\n\r\n\r\n#foot{font-size:12px}.logo{width:117px;height:38px;cursor:pointer}\r\n\r\n#u,#head,#tool,#search,.p1{line-height:120%;margin-left:-12pt}.p2{width:100%;line-height:120%;margin-left:-12pt}#wrapper{_zoom:1}#container{word-break:break-all;word-wrap:break-word}.container_s{width:1002px}.container_l{width:1222px}#content_left{width:636px;float:left;padding-left:35px}#content_right{border-left:1px solid #e1e1e1;float:right}.container_s #content_right{width:271px}.container_l #content_right{width:434px}.content_none{padding-left:35px}#', '302', 15, '[{\"assertType\":\"url\",\"success\":1,\"message\":null},{\"assertType\":\"header\",\"success\":1,\"message\":null},{\"assertType\":\"body\",\"success\":1,\"message\":null},{\"assertType\":\"assert\",\"success\":1,\"message\":[{\"success\":1,\"id\":1,\"message\":\"302\"}]}]', 3, '2018-03-08 18:03:03', '2018-03-08 18:03:03', '[]', 'http://www.baidu.com', '{\"type\":1,\"body\":[]}', '[{\"id\":1,\"negation\":false,\"result\":{\"success\":1,\"id\":1,\"message\":\"302\"},\"rule\":\"less\",\"type\":\"code\",\"value\":\"400\",\"variable\":\"Status Code\"}]', 'MAIN', NULL);
INSERT INTO `qa_suitcase_result` VALUES (386, 112, 79, 2, '', '<html>\r\n<head>\r\n<meta http-equiv=\"content-type\" content=\"text/html;charset=utf-8\">\r\n<style data-for=\"result\" id=\"css_result\">\r\nbody{color:#333;background:#fff;padding:6px 0 0;margin:0;position:relative;min-width:900px}body,th,td,.p1,.p2{font-family:arial}p,form,ol,ul,li,dl,dt,dd,h3{margin:0;padding:0;list-style:none}input{padding-top:0;padding-bottom:0;-moz-box-sizing:border-box;-webkit-box-sizing:border-box;box-sizing:border-box}table,img{border:0}td{font-size:9pt;line-height:18px}\r\n\r\n\r\n\r\n#foot{font-size:12px}.logo{width:117px;height:38px;cursor:pointer}\r\n\r\n#u,#head,#tool,#search,.p1{line-height:120%;margin-left:-12pt}.p2{width:100%;line-height:120%;margin-left:-12pt}#wrapper{_zoom:1}#container{word-break:break-all;word-wrap:break-word}.container_s{width:1002px}.container_l{width:1222px}#content_left{width:636px;float:left;padding-left:35px}#content_right{border-left:1px solid #e1e1e1;float:right}.container_s #content_right{width:271px}.container_l #content_right{width:434px}.content_none{padding-left:35px}#', '302', 25, '[{\"assertType\":\"url\",\"success\":1,\"message\":null},{\"assertType\":\"header\",\"success\":1,\"message\":null},{\"assertType\":\"body\",\"success\":1,\"message\":null},{\"assertType\":\"assert\",\"success\":1,\"message\":[{\"success\":1,\"id\":1,\"message\":25}]}]', 1, '2018-03-08 18:03:03', NULL, '[]', 'http://www.baidu.com', '{\"type\":1,\"body\":[]}', '[{\"id\":1,\"negation\":false,\"result\":{\"success\":1,\"id\":1,\"message\":25},\"rule\":\"less\",\"type\":\"spendTime\",\"value\":\"1000\",\"variable\":\"Spend Time\"}]', 'POSTFIX', 109);
INSERT INTO `qa_suitcase_result` VALUES (387, 113, 79, 2, '', '<html>\r\n<head>\r\n<meta http-equiv=\"content-type\" content=\"text/html;charset=utf-8\">\r\n<style data-for=\"result\" id=\"css_result\">\r\nbody{color:#333;background:#fff;padding:6px 0 0;margin:0;position:relative;min-width:900px}body,th,td,.p1,.p2{font-family:arial}p,form,ol,ul,li,dl,dt,dd,h3{margin:0;padding:0;list-style:none}input{padding-top:0;padding-bottom:0;-moz-box-sizing:border-box;-webkit-box-sizing:border-box;box-sizing:border-box}table,img{border:0}td{font-size:9pt;line-height:18px}\r\n\r\n\r\n\r\n#foot{font-size:12px}.logo{width:117px;height:38px;cursor:pointer}\r\n\r\n#u,#head,#tool,#search,.p1{line-height:120%;margin-left:-12pt}.p2{width:100%;line-height:120%;margin-left:-12pt}#wrapper{_zoom:1}#container{word-break:break-all;word-wrap:break-word}.container_s{width:1002px}.container_l{width:1222px}#content_left{width:636px;float:left;padding-left:35px}#content_right{border-left:1px solid #e1e1e1;float:right}.container_s #content_right{width:271px}.container_l #content_right{width:434px}.content_none{padding-left:35px}#', '302', 13, '[{\"assertType\":\"url\",\"success\":1,\"message\":null},{\"assertType\":\"header\",\"success\":1,\"message\":null},{\"assertType\":\"body\",\"success\":1,\"message\":null},{\"assertType\":\"assert\",\"success\":0,\"message\":[{\"success\":0,\"id\":1,\"message\":\"302\"}]}]', 2, '2018-03-08 18:03:03', NULL, '[]', 'http://www.baidu.com', '{\"type\":1,\"body\":[]}', '[{\"id\":1,\"negation\":false,\"result\":{\"success\":0,\"id\":1,\"message\":\"302\"},\"rule\":\"equal\",\"type\":\"code\",\"value\":\"200\",\"variable\":\"Status Code\"}]', 'POSTFIX', 109);
INSERT INTO `qa_suitcase_result` VALUES (388, 110, 79, 3, '', '<html>\r\n<head>\r\n<meta http-equiv=\"content-type\" content=\"text/html;charset=utf-8\">\r\n<style data-for=\"result\" id=\"css_result\">\r\nbody{color:#333;background:#fff;padding:6px 0 0;margin:0;position:relative;min-width:900px}body,th,td,.p1,.p2{font-family:arial}p,form,ol,ul,li,dl,dt,dd,h3{margin:0;padding:0;list-style:none}input{padding-top:0;padding-bottom:0;-moz-box-sizing:border-box;-webkit-box-sizing:border-box;box-sizing:border-box}table,img{border:0}td{font-size:9pt;line-height:18px}\r\n\r\n\r\n\r\n#foot{font-size:12px}.logo{width:117px;height:38px;cursor:pointer}\r\n\r\n#u,#head,#tool,#search,.p1{line-height:120%;margin-left:-12pt}.p2{width:100%;line-height:120%;margin-left:-12pt}#wrapper{_zoom:1}#container{word-break:break-all;word-wrap:break-word}.container_s{width:1002px}.container_l{width:1222px}#content_left{width:636px;float:left;padding-left:35px}#content_right{border-left:1px solid #e1e1e1;float:right}.container_s #content_right{width:271px}.container_l #content_right{width:434px}.content_none{padding-left:35px}#', '302', 30, '[{\"assertType\":\"url\",\"success\":1,\"message\":null},{\"assertType\":\"header\",\"success\":1,\"message\":null},{\"assertType\":\"body\",\"success\":1,\"message\":null},{\"assertType\":\"assert\",\"success\":1,\"message\":null}]', 1, '2018-03-08 18:07:04', NULL, '[]', 'http://www.baidu.com', '{\"type\":1,\"body\":[]}', '[]', 'PREFIX', 109);
INSERT INTO `qa_suitcase_result` VALUES (389, 111, 79, 3, '', '<html>\r\n<head>\r\n<meta http-equiv=\"content-type\" content=\"text/html;charset=utf-8\">\r\n<style data-for=\"result\" id=\"css_result\">\r\nbody{color:#333;background:#fff;padding:6px 0 0;margin:0;position:relative;min-width:900px}body,th,td,.p1,.p2{font-family:arial}p,form,ol,ul,li,dl,dt,dd,h3{margin:0;padding:0;list-style:none}input{padding-top:0;padding-bottom:0;-moz-box-sizing:border-box;-webkit-box-sizing:border-box;box-sizing:border-box}table,img{border:0}td{font-size:9pt;line-height:18px}\r\n\r\n\r\n\r\n#foot{font-size:12px}.logo{width:117px;height:38px;cursor:pointer}\r\n\r\n#u,#head,#tool,#search,.p1{line-height:120%;margin-left:-12pt}.p2{width:100%;line-height:120%;margin-left:-12pt}#wrapper{_zoom:1}#container{word-break:break-all;word-wrap:break-word}.container_s{width:1002px}.container_l{width:1222px}#content_left{width:636px;float:left;padding-left:35px}#content_right{border-left:1px solid #e1e1e1;float:right}.container_s #content_right{width:271px}.container_l #content_right{width:434px}.content_none{padding-left:35px}#', '302', 25, '[{\"assertType\":\"url\",\"success\":1,\"message\":null},{\"assertType\":\"header\",\"success\":1,\"message\":null},{\"assertType\":\"body\",\"success\":1,\"message\":null},{\"assertType\":\"assert\",\"success\":1,\"message\":null}]', 1, '2018-03-08 18:07:04', NULL, '[]', 'http://www.baidu.com', '{\"type\":1,\"body\":[]}', '[]', 'PREFIX', 109);
INSERT INTO `qa_suitcase_result` VALUES (390, 109, 79, 3, '', '<html>\r\n<head>\r\n<meta http-equiv=\"content-type\" content=\"text/html;charset=utf-8\">\r\n<style data-for=\"result\" id=\"css_result\">\r\nbody{color:#333;background:#fff;padding:6px 0 0;margin:0;position:relative;min-width:900px}body,th,td,.p1,.p2{font-family:arial}p,form,ol,ul,li,dl,dt,dd,h3{margin:0;padding:0;list-style:none}input{padding-top:0;padding-bottom:0;-moz-box-sizing:border-box;-webkit-box-sizing:border-box;box-sizing:border-box}table,img{border:0}td{font-size:9pt;line-height:18px}\r\n\r\n\r\n\r\n#foot{font-size:12px}.logo{width:117px;height:38px;cursor:pointer}\r\n\r\n#u,#head,#tool,#search,.p1{line-height:120%;margin-left:-12pt}.p2{width:100%;line-height:120%;margin-left:-12pt}#wrapper{_zoom:1}#container{word-break:break-all;word-wrap:break-word}.container_s{width:1002px}.container_l{width:1222px}#content_left{width:636px;float:left;padding-left:35px}#content_right{border-left:1px solid #e1e1e1;float:right}.container_s #content_right{width:271px}.container_l #content_right{width:434px}.content_none{padding-left:35px}#', '302', 50, '[{\"assertType\":\"url\",\"success\":1,\"message\":null},{\"assertType\":\"header\",\"success\":1,\"message\":null},{\"assertType\":\"body\",\"success\":1,\"message\":null},{\"assertType\":\"assert\",\"success\":1,\"message\":[{\"success\":1,\"id\":1,\"message\":\"302\"}]}]', 3, '2018-03-08 18:07:04', '2018-03-08 18:07:04', '[]', 'http://www.baidu.com', '{\"type\":1,\"body\":[]}', '[{\"id\":1,\"negation\":false,\"result\":{\"success\":1,\"id\":1,\"message\":\"302\"},\"rule\":\"less\",\"type\":\"code\",\"value\":\"400\",\"variable\":\"Status Code\"}]', 'MAIN', NULL);
INSERT INTO `qa_suitcase_result` VALUES (391, 112, 79, 3, '', '<html>\r\n<head>\r\n<meta http-equiv=\"content-type\" content=\"text/html;charset=utf-8\">\r\n<style data-for=\"result\" id=\"css_result\">\r\nbody{color:#333;background:#fff;padding:6px 0 0;margin:0;position:relative;min-width:900px}body,th,td,.p1,.p2{font-family:arial}p,form,ol,ul,li,dl,dt,dd,h3{margin:0;padding:0;list-style:none}input{padding-top:0;padding-bottom:0;-moz-box-sizing:border-box;-webkit-box-sizing:border-box;box-sizing:border-box}table,img{border:0}td{font-size:9pt;line-height:18px}\r\n\r\n\r\n\r\n#foot{font-size:12px}.logo{width:117px;height:38px;cursor:pointer}\r\n\r\n#u,#head,#tool,#search,.p1{line-height:120%;margin-left:-12pt}.p2{width:100%;line-height:120%;margin-left:-12pt}#wrapper{_zoom:1}#container{word-break:break-all;word-wrap:break-word}.container_s{width:1002px}.container_l{width:1222px}#content_left{width:636px;float:left;padding-left:35px}#content_right{border-left:1px solid #e1e1e1;float:right}.container_s #content_right{width:271px}.container_l #content_right{width:434px}.content_none{padding-left:35px}#', '302', 48, '[{\"assertType\":\"url\",\"success\":1,\"message\":null},{\"assertType\":\"header\",\"success\":1,\"message\":null},{\"assertType\":\"body\",\"success\":1,\"message\":null},{\"assertType\":\"assert\",\"success\":1,\"message\":[{\"success\":1,\"id\":1,\"message\":48}]}]', 1, '2018-03-08 18:07:04', NULL, '[]', 'http://www.baidu.com', '{\"type\":1,\"body\":[]}', '[{\"id\":1,\"negation\":false,\"result\":{\"success\":1,\"id\":1,\"message\":48},\"rule\":\"less\",\"type\":\"spendTime\",\"value\":\"1000\",\"variable\":\"Spend Time\"}]', 'POSTFIX', 109);
INSERT INTO `qa_suitcase_result` VALUES (392, 113, 79, 3, '', '<html>\r\n<head>\r\n<meta http-equiv=\"content-type\" content=\"text/html;charset=utf-8\">\r\n<style data-for=\"result\" id=\"css_result\">\r\nbody{color:#333;background:#fff;padding:6px 0 0;margin:0;position:relative;min-width:900px}body,th,td,.p1,.p2{font-family:arial}p,form,ol,ul,li,dl,dt,dd,h3{margin:0;padding:0;list-style:none}input{padding-top:0;padding-bottom:0;-moz-box-sizing:border-box;-webkit-box-sizing:border-box;box-sizing:border-box}table,img{border:0}td{font-size:9pt;line-height:18px}\r\n\r\n\r\n\r\n#foot{font-size:12px}.logo{width:117px;height:38px;cursor:pointer}\r\n\r\n#u,#head,#tool,#search,.p1{line-height:120%;margin-left:-12pt}.p2{width:100%;line-height:120%;margin-left:-12pt}#wrapper{_zoom:1}#container{word-break:break-all;word-wrap:break-word}.container_s{width:1002px}.container_l{width:1222px}#content_left{width:636px;float:left;padding-left:35px}#content_right{border-left:1px solid #e1e1e1;float:right}.container_s #content_right{width:271px}.container_l #content_right{width:434px}.content_none{padding-left:35px}#', '302', 13, '[{\"assertType\":\"url\",\"success\":1,\"message\":null},{\"assertType\":\"header\",\"success\":1,\"message\":null},{\"assertType\":\"body\",\"success\":1,\"message\":null},{\"assertType\":\"assert\",\"success\":0,\"message\":[{\"success\":0,\"id\":1,\"message\":\"302\"}]}]', 2, '2018-03-08 18:07:04', NULL, '[]', 'http://www.baidu.com', '{\"type\":1,\"body\":[]}', '[{\"id\":1,\"negation\":false,\"result\":{\"success\":0,\"id\":1,\"message\":\"302\"},\"rule\":\"equal\",\"type\":\"code\",\"value\":\"200\",\"variable\":\"Status Code\"}]', 'POSTFIX', 109);
INSERT INTO `qa_suitcase_result` VALUES (393, 110, 79, 4, '', '<html>\r\n<head>\r\n<meta http-equiv=\"content-type\" content=\"text/html;charset=utf-8\">\r\n<style data-for=\"result\" id=\"css_result\">\r\nbody{color:#333;background:#fff;padding:6px 0 0;margin:0;position:relative;min-width:900px}body,th,td,.p1,.p2{font-family:arial}p,form,ol,ul,li,dl,dt,dd,h3{margin:0;padding:0;list-style:none}input{padding-top:0;padding-bottom:0;-moz-box-sizing:border-box;-webkit-box-sizing:border-box;box-sizing:border-box}table,img{border:0}td{font-size:9pt;line-height:18px}\r\n\r\n\r\n\r\n#foot{font-size:12px}.logo{width:117px;height:38px;cursor:pointer}\r\n\r\n#u,#head,#tool,#search,.p1{line-height:120%;margin-left:-12pt}.p2{width:100%;line-height:120%;margin-left:-12pt}#wrapper{_zoom:1}#container{word-break:break-all;word-wrap:break-word}.container_s{width:1002px}.container_l{width:1222px}#content_left{width:636px;float:left;padding-left:35px}#content_right{border-left:1px solid #e1e1e1;float:right}.container_s #content_right{width:271px}.container_l #content_right{width:434px}.content_none{padding-left:35px}#', '302', 18, '[{\"assertType\":\"url\",\"success\":1,\"message\":null},{\"assertType\":\"header\",\"success\":1,\"message\":null},{\"assertType\":\"body\",\"success\":1,\"message\":null},{\"assertType\":\"assert\",\"success\":1,\"message\":null}]', 1, '2018-03-08 18:07:17', NULL, '[]', 'http://www.baidu.com', '{\"type\":1,\"body\":[]}', '[]', 'PREFIX', 109);
INSERT INTO `qa_suitcase_result` VALUES (394, 111, 79, 4, '', '<html>\r\n<head>\r\n<meta http-equiv=\"content-type\" content=\"text/html;charset=utf-8\">\r\n<style data-for=\"result\" id=\"css_result\">\r\nbody{color:#333;background:#fff;padding:6px 0 0;margin:0;position:relative;min-width:900px}body,th,td,.p1,.p2{font-family:arial}p,form,ol,ul,li,dl,dt,dd,h3{margin:0;padding:0;list-style:none}input{padding-top:0;padding-bottom:0;-moz-box-sizing:border-box;-webkit-box-sizing:border-box;box-sizing:border-box}table,img{border:0}td{font-size:9pt;line-height:18px}\r\n\r\n\r\n\r\n#foot{font-size:12px}.logo{width:117px;height:38px;cursor:pointer}\r\n\r\n#u,#head,#tool,#search,.p1{line-height:120%;margin-left:-12pt}.p2{width:100%;line-height:120%;margin-left:-12pt}#wrapper{_zoom:1}#container{word-break:break-all;word-wrap:break-word}.container_s{width:1002px}.container_l{width:1222px}#content_left{width:636px;float:left;padding-left:35px}#content_right{border-left:1px solid #e1e1e1;float:right}.container_s #content_right{width:271px}.container_l #content_right{width:434px}.content_none{padding-left:35px}#', '302', 20, '[{\"assertType\":\"url\",\"success\":1,\"message\":null},{\"assertType\":\"header\",\"success\":1,\"message\":null},{\"assertType\":\"body\",\"success\":1,\"message\":null},{\"assertType\":\"assert\",\"success\":1,\"message\":null}]', 1, '2018-03-08 18:07:17', NULL, '[]', 'http://www.baidu.com', '{\"type\":1,\"body\":[]}', '[]', 'PREFIX', 109);
INSERT INTO `qa_suitcase_result` VALUES (395, 109, 79, 4, '', '<html>\r\n<head>\r\n<meta http-equiv=\"content-type\" content=\"text/html;charset=utf-8\">\r\n<style data-for=\"result\" id=\"css_result\">\r\nbody{color:#333;background:#fff;padding:6px 0 0;margin:0;position:relative;min-width:900px}body,th,td,.p1,.p2{font-family:arial}p,form,ol,ul,li,dl,dt,dd,h3{margin:0;padding:0;list-style:none}input{padding-top:0;padding-bottom:0;-moz-box-sizing:border-box;-webkit-box-sizing:border-box;box-sizing:border-box}table,img{border:0}td{font-size:9pt;line-height:18px}\r\n\r\n\r\n\r\n#foot{font-size:12px}.logo{width:117px;height:38px;cursor:pointer}\r\n\r\n#u,#head,#tool,#search,.p1{line-height:120%;margin-left:-12pt}.p2{width:100%;line-height:120%;margin-left:-12pt}#wrapper{_zoom:1}#container{word-break:break-all;word-wrap:break-word}.container_s{width:1002px}.container_l{width:1222px}#content_left{width:636px;float:left;padding-left:35px}#content_right{border-left:1px solid #e1e1e1;float:right}.container_s #content_right{width:271px}.container_l #content_right{width:434px}.content_none{padding-left:35px}#', '302', 13, '[{\"assertType\":\"url\",\"success\":1,\"message\":null},{\"assertType\":\"header\",\"success\":1,\"message\":null},{\"assertType\":\"body\",\"success\":1,\"message\":null},{\"assertType\":\"assert\",\"success\":1,\"message\":[{\"success\":1,\"id\":1,\"message\":\"302\"}]}]', 3, '2018-03-08 18:07:17', '2018-03-08 18:07:17', '[]', 'http://www.baidu.com', '{\"type\":1,\"body\":[]}', '[{\"id\":1,\"negation\":false,\"result\":{\"success\":1,\"id\":1,\"message\":\"302\"},\"rule\":\"less\",\"type\":\"code\",\"value\":\"400\",\"variable\":\"Status Code\"}]', 'MAIN', NULL);
INSERT INTO `qa_suitcase_result` VALUES (396, 112, 79, 4, '', '<html>\r\n<head>\r\n<meta http-equiv=\"content-type\" content=\"text/html;charset=utf-8\">\r\n<style data-for=\"result\" id=\"css_result\">\r\nbody{color:#333;background:#fff;padding:6px 0 0;margin:0;position:relative;min-width:900px}body,th,td,.p1,.p2{font-family:arial}p,form,ol,ul,li,dl,dt,dd,h3{margin:0;padding:0;list-style:none}input{padding-top:0;padding-bottom:0;-moz-box-sizing:border-box;-webkit-box-sizing:border-box;box-sizing:border-box}table,img{border:0}td{font-size:9pt;line-height:18px}\r\n\r\n\r\n\r\n#foot{font-size:12px}.logo{width:117px;height:38px;cursor:pointer}\r\n\r\n#u,#head,#tool,#search,.p1{line-height:120%;margin-left:-12pt}.p2{width:100%;line-height:120%;margin-left:-12pt}#wrapper{_zoom:1}#container{word-break:break-all;word-wrap:break-word}.container_s{width:1002px}.container_l{width:1222px}#content_left{width:636px;float:left;padding-left:35px}#content_right{border-left:1px solid #e1e1e1;float:right}.container_s #content_right{width:271px}.container_l #content_right{width:434px}.content_none{padding-left:35px}#', '302', 45, '[{\"assertType\":\"url\",\"success\":1,\"message\":null},{\"assertType\":\"header\",\"success\":1,\"message\":null},{\"assertType\":\"body\",\"success\":1,\"message\":null},{\"assertType\":\"assert\",\"success\":1,\"message\":[{\"success\":1,\"id\":1,\"message\":45}]}]', 1, '2018-03-08 18:07:17', NULL, '[]', 'http://www.baidu.com', '{\"type\":1,\"body\":[]}', '[{\"id\":1,\"negation\":false,\"result\":{\"success\":1,\"id\":1,\"message\":45},\"rule\":\"less\",\"type\":\"spendTime\",\"value\":\"1000\",\"variable\":\"Spend Time\"}]', 'POSTFIX', 109);
INSERT INTO `qa_suitcase_result` VALUES (397, 113, 79, 4, '', '<html>\r\n<head>\r\n<meta http-equiv=\"content-type\" content=\"text/html;charset=utf-8\">\r\n<style data-for=\"result\" id=\"css_result\">\r\nbody{color:#333;background:#fff;padding:6px 0 0;margin:0;position:relative;min-width:900px}body,th,td,.p1,.p2{font-family:arial}p,form,ol,ul,li,dl,dt,dd,h3{margin:0;padding:0;list-style:none}input{padding-top:0;padding-bottom:0;-moz-box-sizing:border-box;-webkit-box-sizing:border-box;box-sizing:border-box}table,img{border:0}td{font-size:9pt;line-height:18px}\r\n\r\n\r\n\r\n#foot{font-size:12px}.logo{width:117px;height:38px;cursor:pointer}\r\n\r\n#u,#head,#tool,#search,.p1{line-height:120%;margin-left:-12pt}.p2{width:100%;line-height:120%;margin-left:-12pt}#wrapper{_zoom:1}#container{word-break:break-all;word-wrap:break-word}.container_s{width:1002px}.container_l{width:1222px}#content_left{width:636px;float:left;padding-left:35px}#content_right{border-left:1px solid #e1e1e1;float:right}.container_s #content_right{width:271px}.container_l #content_right{width:434px}.content_none{padding-left:35px}#', '302', 15, '[{\"assertType\":\"url\",\"success\":1,\"message\":null},{\"assertType\":\"header\",\"success\":1,\"message\":null},{\"assertType\":\"body\",\"success\":1,\"message\":null},{\"assertType\":\"assert\",\"success\":0,\"message\":[{\"success\":0,\"id\":1,\"message\":\"302\"}]}]', 2, '2018-03-08 18:07:17', NULL, '[]', 'http://www.baidu.com', '{\"type\":1,\"body\":[]}', '[{\"id\":1,\"negation\":false,\"result\":{\"success\":0,\"id\":1,\"message\":\"302\"},\"rule\":\"equal\",\"type\":\"code\",\"value\":\"200\",\"variable\":\"Status Code\"}]', 'POSTFIX', 109);
INSERT INTO `qa_suitcase_result` VALUES (398, 78, 76, 0, '', '<!DOCTYPE html>\n<html lang=\"en\">\n<head>\n<meta charset=\"utf-8\">\n<title>Error</title>\n</head>\n<body>\n<pre>Cannot DELETE /suitcase/76</pre>\n</body>\n</html>', '404', 102, '[{\"assertType\":\"url\",\"success\":1,\"message\":null},{\"assertType\":\"header\",\"success\":1,\"message\":null},{\"assertType\":\"body\",\"success\":1,\"message\":null},{\"assertType\":\"assert\",\"success\":1,\"message\":null}]', 1, '2018-06-22 18:26:32', NULL, '', 'http://localhost:4000/suitcase/76', '{}', '[]', 'MAIN', NULL);
INSERT INTO `qa_suitcase_result` VALUES (399, 79, 76, 0, '', '<html>\r\n<head>\r\n<meta http-equiv=\"content-type\" content=\"text/html;charset=utf-8\">\r\n<style data-for=\"result\" id=\"css_result\">\r\nbody{color:#333;background:#fff;padding:6px 0 0;margin:0;position:relative;min-width:900px}body,th,td,.p1,.p2{font-family:arial}p,form,ol,ul,li,dl,dt,dd,h3{margin:0;padding:0;list-style:none}input{padding-top:0;padding-bottom:0;-moz-box-sizing:border-box;-webkit-box-sizing:border-box;box-sizing:border-box}table,img{border:0}td{font-size:9pt;line-height:18px}\r\n\r\n\r\n\r\n#foot{font-size:12px}.logo{width:117px;height:38px;cursor:pointer}\r\n\r\n#u,#head,#tool,#search,.p1{line-height:120%;margin-left:-12pt}.p2{width:100%;line-height:120%;margin-left:-12pt}#wrapper{_zoom:1}#container{word-break:break-all;word-wrap:break-word}.container_s{width:1002px}.container_l{width:1222px}#content_left{width:636px;float:left;padding-left:35px}#content_right{border-left:1px solid #e1e1e1;float:right}.container_s #content_right{width:271px}.container_l #content_right{width:434px}.content_none{padding-left:35px}#', '302', 51, '[{\"assertType\":\"url\",\"success\":1,\"message\":null},{\"assertType\":\"header\",\"success\":1,\"message\":null},{\"assertType\":\"body\",\"success\":1,\"message\":null},{\"assertType\":\"assert\",\"success\":1,\"message\":null}]', 1, '2018-06-22 18:26:52', NULL, '', 'HTTP://WWW.BAIDU.COM', '{}', '[]', 'MAIN', NULL);
INSERT INTO `qa_suitcase_result` VALUES (400, 110, 79, 5, '', '<html>\r\n<head>\r\n<meta http-equiv=\"content-type\" content=\"text/html;charset=utf-8\">\r\n<style data-for=\"result\" id=\"css_result\">\r\nbody{color:#333;background:#fff;padding:6px 0 0;margin:0;position:relative;min-width:900px}body,th,td,.p1,.p2{font-family:arial}p,form,ol,ul,li,dl,dt,dd,h3{margin:0;padding:0;list-style:none}input{padding-top:0;padding-bottom:0;-moz-box-sizing:border-box;-webkit-box-sizing:border-box;box-sizing:border-box}table,img{border:0}td{font-size:9pt;line-height:18px}\r\n\r\n\r\n\r\n#foot{font-size:12px}.logo{width:117px;height:38px;cursor:pointer}\r\n\r\n#u,#head,#tool,#search,.p1{line-height:120%;margin-left:-12pt}.p2{width:100%;line-height:120%;margin-left:-12pt}#wrapper{_zoom:1}#container{word-break:break-all;word-wrap:break-word}.container_s{width:1002px}.container_l{width:1222px}#content_left{width:636px;float:left;padding-left:35px}#content_right{border-left:1px solid #e1e1e1;float:right}.container_s #content_right{width:271px}.container_l #content_right{width:434px}.content_none{padding-left:35px}#', '302', 39, '[{\"assertType\":\"url\",\"success\":1,\"message\":null},{\"assertType\":\"header\",\"success\":1,\"message\":null},{\"assertType\":\"body\",\"success\":1,\"message\":null},{\"assertType\":\"assert\",\"success\":1,\"message\":null}]', 1, '2018-06-22 18:28:33', NULL, '[]', 'http://www.baidu.com', '{\"type\":1,\"body\":[]}', '[]', 'PREFIX', 109);
INSERT INTO `qa_suitcase_result` VALUES (401, 111, 79, 5, '', '<html>\r\n<head>\r\n<meta http-equiv=\"content-type\" content=\"text/html;charset=utf-8\">\r\n<style data-for=\"result\" id=\"css_result\">\r\nbody{color:#333;background:#fff;padding:6px 0 0;margin:0;position:relative;min-width:900px}body,th,td,.p1,.p2{font-family:arial}p,form,ol,ul,li,dl,dt,dd,h3{margin:0;padding:0;list-style:none}input{padding-top:0;padding-bottom:0;-moz-box-sizing:border-box;-webkit-box-sizing:border-box;box-sizing:border-box}table,img{border:0}td{font-size:9pt;line-height:18px}\r\n\r\n\r\n\r\n#foot{font-size:12px}.logo{width:117px;height:38px;cursor:pointer}\r\n\r\n#u,#head,#tool,#search,.p1{line-height:120%;margin-left:-12pt}.p2{width:100%;line-height:120%;margin-left:-12pt}#wrapper{_zoom:1}#container{word-break:break-all;word-wrap:break-word}.container_s{width:1002px}.container_l{width:1222px}#content_left{width:636px;float:left;padding-left:35px}#content_right{border-left:1px solid #e1e1e1;float:right}.container_s #content_right{width:271px}.container_l #content_right{width:434px}.content_none{padding-left:35px}#', '302', 24, '[{\"assertType\":\"url\",\"success\":1,\"message\":null},{\"assertType\":\"header\",\"success\":1,\"message\":null},{\"assertType\":\"body\",\"success\":1,\"message\":null},{\"assertType\":\"assert\",\"success\":1,\"message\":null}]', 1, '2018-06-22 18:28:33', NULL, '[]', 'http://www.baidu.com', '{\"type\":1,\"body\":[]}', '[]', 'PREFIX', 109);
INSERT INTO `qa_suitcase_result` VALUES (402, 109, 79, 5, '', '<html>\r\n<head>\r\n<meta http-equiv=\"content-type\" content=\"text/html;charset=utf-8\">\r\n<style data-for=\"result\" id=\"css_result\">\r\nbody{color:#333;background:#fff;padding:6px 0 0;margin:0;position:relative;min-width:900px}body,th,td,.p1,.p2{font-family:arial}p,form,ol,ul,li,dl,dt,dd,h3{margin:0;padding:0;list-style:none}input{padding-top:0;padding-bottom:0;-moz-box-sizing:border-box;-webkit-box-sizing:border-box;box-sizing:border-box}table,img{border:0}td{font-size:9pt;line-height:18px}\r\n\r\n\r\n\r\n#foot{font-size:12px}.logo{width:117px;height:38px;cursor:pointer}\r\n\r\n#u,#head,#tool,#search,.p1{line-height:120%;margin-left:-12pt}.p2{width:100%;line-height:120%;margin-left:-12pt}#wrapper{_zoom:1}#container{word-break:break-all;word-wrap:break-word}.container_s{width:1002px}.container_l{width:1222px}#content_left{width:636px;float:left;padding-left:35px}#content_right{border-left:1px solid #e1e1e1;float:right}.container_s #content_right{width:271px}.container_l #content_right{width:434px}.content_none{padding-left:35px}#', '302', 63, '[{\"assertType\":\"url\",\"success\":1,\"message\":null},{\"assertType\":\"header\",\"success\":1,\"message\":null},{\"assertType\":\"body\",\"success\":1,\"message\":null},{\"assertType\":\"assert\",\"success\":1,\"message\":[{\"success\":1,\"id\":1,\"message\":\"302\"}]}]', 3, '2018-06-22 18:28:33', '2018-06-22 18:28:34', '[]', 'http://www.baidu.com', '{\"type\":1,\"body\":[]}', '[{\"id\":1,\"negation\":false,\"result\":{\"success\":1,\"id\":1,\"message\":\"302\"},\"rule\":\"less\",\"type\":\"code\",\"value\":\"400\",\"variable\":\"Status Code\"}]', 'MAIN', NULL);
INSERT INTO `qa_suitcase_result` VALUES (403, 112, 79, 5, '', '<html>\r\n<head>\r\n<meta http-equiv=\"content-type\" content=\"text/html;charset=utf-8\">\r\n<style data-for=\"result\" id=\"css_result\">\r\nbody{color:#333;background:#fff;padding:6px 0 0;margin:0;position:relative;min-width:900px}body,th,td,.p1,.p2{font-family:arial}p,form,ol,ul,li,dl,dt,dd,h3{margin:0;padding:0;list-style:none}input{padding-top:0;padding-bottom:0;-moz-box-sizing:border-box;-webkit-box-sizing:border-box;box-sizing:border-box}table,img{border:0}td{font-size:9pt;line-height:18px}\r\n\r\n\r\n\r\n#foot{font-size:12px}.logo{width:117px;height:38px;cursor:pointer}\r\n\r\n#u,#head,#tool,#search,.p1{line-height:120%;margin-left:-12pt}.p2{width:100%;line-height:120%;margin-left:-12pt}#wrapper{_zoom:1}#container{word-break:break-all;word-wrap:break-word}.container_s{width:1002px}.container_l{width:1222px}#content_left{width:636px;float:left;padding-left:35px}#content_right{border-left:1px solid #e1e1e1;float:right}.container_s #content_right{width:271px}.container_l #content_right{width:434px}.content_none{padding-left:35px}#', '302', 50, '[{\"assertType\":\"url\",\"success\":1,\"message\":null},{\"assertType\":\"header\",\"success\":1,\"message\":null},{\"assertType\":\"body\",\"success\":1,\"message\":null},{\"assertType\":\"assert\",\"success\":1,\"message\":[{\"success\":1,\"id\":1,\"message\":50}]}]', 1, '2018-06-22 18:28:34', NULL, '[]', 'http://www.baidu.com', '{\"type\":1,\"body\":[]}', '[{\"id\":1,\"negation\":false,\"result\":{\"success\":1,\"id\":1,\"message\":50},\"rule\":\"less\",\"type\":\"spendTime\",\"value\":\"1000\",\"variable\":\"Spend Time\"}]', 'POSTFIX', 109);
INSERT INTO `qa_suitcase_result` VALUES (404, 113, 79, 5, '', '<html>\r\n<head>\r\n<meta http-equiv=\"content-type\" content=\"text/html;charset=utf-8\">\r\n<style data-for=\"result\" id=\"css_result\">\r\nbody{color:#333;background:#fff;padding:6px 0 0;margin:0;position:relative;min-width:900px}body,th,td,.p1,.p2{font-family:arial}p,form,ol,ul,li,dl,dt,dd,h3{margin:0;padding:0;list-style:none}input{padding-top:0;padding-bottom:0;-moz-box-sizing:border-box;-webkit-box-sizing:border-box;box-sizing:border-box}table,img{border:0}td{font-size:9pt;line-height:18px}\r\n\r\n\r\n\r\n#foot{font-size:12px}.logo{width:117px;height:38px;cursor:pointer}\r\n\r\n#u,#head,#tool,#search,.p1{line-height:120%;margin-left:-12pt}.p2{width:100%;line-height:120%;margin-left:-12pt}#wrapper{_zoom:1}#container{word-break:break-all;word-wrap:break-word}.container_s{width:1002px}.container_l{width:1222px}#content_left{width:636px;float:left;padding-left:35px}#content_right{border-left:1px solid #e1e1e1;float:right}.container_s #content_right{width:271px}.container_l #content_right{width:434px}.content_none{padding-left:35px}#', '302', 31, '[{\"assertType\":\"url\",\"success\":1,\"message\":null},{\"assertType\":\"header\",\"success\":1,\"message\":null},{\"assertType\":\"body\",\"success\":1,\"message\":null},{\"assertType\":\"assert\",\"success\":0,\"message\":[{\"success\":0,\"id\":1,\"message\":\"302\"}]}]', 2, '2018-06-22 18:28:34', NULL, '[]', 'http://www.baidu.com', '{\"type\":1,\"body\":[]}', '[{\"id\":1,\"negation\":false,\"result\":{\"success\":0,\"id\":1,\"message\":\"302\"},\"rule\":\"equal\",\"type\":\"code\",\"value\":\"200\",\"variable\":\"Status Code\"}]', 'POSTFIX', 109);
INSERT INTO `qa_suitcase_result` VALUES (405, 110, 79, 6, '', '<html>\r\n<head>\r\n<meta http-equiv=\"content-type\" content=\"text/html;charset=utf-8\">\r\n<style data-for=\"result\" id=\"css_result\">\r\nbody{color:#333;background:#fff;padding:6px 0 0;margin:0;position:relative;min-width:900px}body,th,td,.p1,.p2{font-family:arial}p,form,ol,ul,li,dl,dt,dd,h3{margin:0;padding:0;list-style:none}input{padding-top:0;padding-bottom:0;-moz-box-sizing:border-box;-webkit-box-sizing:border-box;box-sizing:border-box}table,img{border:0}td{font-size:9pt;line-height:18px}\r\n\r\n\r\n\r\n#foot{font-size:12px}.logo{width:117px;height:38px;cursor:pointer}\r\n\r\n#u,#head,#tool,#search,.p1{line-height:120%;margin-left:-12pt}.p2{width:100%;line-height:120%;margin-left:-12pt}#wrapper{_zoom:1}#container{word-break:break-all;word-wrap:break-word}.container_s{width:1002px}.container_l{width:1222px}#content_left{width:636px;float:left;padding-left:35px}#content_right{border-left:1px solid #e1e1e1;float:right}.container_s #content_right{width:271px}.container_l #content_right{width:434px}.content_none{padding-left:35px}#', '302', 85, '[{\"assertType\":\"url\",\"success\":1,\"message\":null},{\"assertType\":\"header\",\"success\":1,\"message\":null},{\"assertType\":\"body\",\"success\":1,\"message\":null},{\"assertType\":\"assert\",\"success\":1,\"message\":null}]', 1, '2018-06-22 18:28:44', NULL, '[]', 'http://www.baidu.com', '{\"type\":1,\"body\":[]}', '[]', 'PREFIX', 109);
INSERT INTO `qa_suitcase_result` VALUES (406, 111, 79, 6, '', '<html>\r\n<head>\r\n<meta http-equiv=\"content-type\" content=\"text/html;charset=utf-8\">\r\n<style data-for=\"result\" id=\"css_result\">\r\nbody{color:#333;background:#fff;padding:6px 0 0;margin:0;position:relative;min-width:900px}body,th,td,.p1,.p2{font-family:arial}p,form,ol,ul,li,dl,dt,dd,h3{margin:0;padding:0;list-style:none}input{padding-top:0;padding-bottom:0;-moz-box-sizing:border-box;-webkit-box-sizing:border-box;box-sizing:border-box}table,img{border:0}td{font-size:9pt;line-height:18px}\r\n\r\n\r\n\r\n#foot{font-size:12px}.logo{width:117px;height:38px;cursor:pointer}\r\n\r\n#u,#head,#tool,#search,.p1{line-height:120%;margin-left:-12pt}.p2{width:100%;line-height:120%;margin-left:-12pt}#wrapper{_zoom:1}#container{word-break:break-all;word-wrap:break-word}.container_s{width:1002px}.container_l{width:1222px}#content_left{width:636px;float:left;padding-left:35px}#content_right{border-left:1px solid #e1e1e1;float:right}.container_s #content_right{width:271px}.container_l #content_right{width:434px}.content_none{padding-left:35px}#', '302', 69, '[{\"assertType\":\"url\",\"success\":1,\"message\":null},{\"assertType\":\"header\",\"success\":1,\"message\":null},{\"assertType\":\"body\",\"success\":1,\"message\":null},{\"assertType\":\"assert\",\"success\":1,\"message\":null}]', 1, '2018-06-22 18:28:45', NULL, '[]', 'http://www.baidu.com', '{\"type\":1,\"body\":[]}', '[]', 'PREFIX', 109);
INSERT INTO `qa_suitcase_result` VALUES (407, 109, 79, 6, '', '<html>\r\n<head>\r\n<meta http-equiv=\"content-type\" content=\"text/html;charset=utf-8\">\r\n<style data-for=\"result\" id=\"css_result\">\r\nbody{color:#333;background:#fff;padding:6px 0 0;margin:0;position:relative;min-width:900px}body,th,td,.p1,.p2{font-family:arial}p,form,ol,ul,li,dl,dt,dd,h3{margin:0;padding:0;list-style:none}input{padding-top:0;padding-bottom:0;-moz-box-sizing:border-box;-webkit-box-sizing:border-box;box-sizing:border-box}table,img{border:0}td{font-size:9pt;line-height:18px}\r\n\r\n\r\n\r\n#foot{font-size:12px}.logo{width:117px;height:38px;cursor:pointer}\r\n\r\n#u,#head,#tool,#search,.p1{line-height:120%;margin-left:-12pt}.p2{width:100%;line-height:120%;margin-left:-12pt}#wrapper{_zoom:1}#container{word-break:break-all;word-wrap:break-word}.container_s{width:1002px}.container_l{width:1222px}#content_left{width:636px;float:left;padding-left:35px}#content_right{border-left:1px solid #e1e1e1;float:right}.container_s #content_right{width:271px}.container_l #content_right{width:434px}.content_none{padding-left:35px}#', '302', 26, '[{\"assertType\":\"url\",\"success\":1,\"message\":null},{\"assertType\":\"header\",\"success\":1,\"message\":null},{\"assertType\":\"body\",\"success\":1,\"message\":null},{\"assertType\":\"assert\",\"success\":1,\"message\":[{\"success\":1,\"id\":1,\"message\":\"302\"}]}]', 3, '2018-06-22 18:28:45', '2018-06-22 18:28:45', '[]', 'http://www.baidu.com', '{\"type\":1,\"body\":[]}', '[{\"id\":1,\"negation\":false,\"result\":{\"success\":1,\"id\":1,\"message\":\"302\"},\"rule\":\"less\",\"type\":\"code\",\"value\":\"400\",\"variable\":\"Status Code\"}]', 'MAIN', NULL);
INSERT INTO `qa_suitcase_result` VALUES (408, 112, 79, 6, '', '<html>\r\n<head>\r\n<meta http-equiv=\"content-type\" content=\"text/html;charset=utf-8\">\r\n<style data-for=\"result\" id=\"css_result\">\r\nbody{color:#333;background:#fff;padding:6px 0 0;margin:0;position:relative;min-width:900px}body,th,td,.p1,.p2{font-family:arial}p,form,ol,ul,li,dl,dt,dd,h3{margin:0;padding:0;list-style:none}input{padding-top:0;padding-bottom:0;-moz-box-sizing:border-box;-webkit-box-sizing:border-box;box-sizing:border-box}table,img{border:0}td{font-size:9pt;line-height:18px}\r\n\r\n\r\n\r\n#foot{font-size:12px}.logo{width:117px;height:38px;cursor:pointer}\r\n\r\n#u,#head,#tool,#search,.p1{line-height:120%;margin-left:-12pt}.p2{width:100%;line-height:120%;margin-left:-12pt}#wrapper{_zoom:1}#container{word-break:break-all;word-wrap:break-word}.container_s{width:1002px}.container_l{width:1222px}#content_left{width:636px;float:left;padding-left:35px}#content_right{border-left:1px solid #e1e1e1;float:right}.container_s #content_right{width:271px}.container_l #content_right{width:434px}.content_none{padding-left:35px}#', '302', 23, '[{\"assertType\":\"url\",\"success\":1,\"message\":null},{\"assertType\":\"header\",\"success\":1,\"message\":null},{\"assertType\":\"body\",\"success\":1,\"message\":null},{\"assertType\":\"assert\",\"success\":1,\"message\":[{\"success\":1,\"id\":1,\"message\":23}]}]', 1, '2018-06-22 18:28:45', NULL, '[]', 'http://www.baidu.com', '{\"type\":1,\"body\":[]}', '[{\"id\":1,\"negation\":false,\"result\":{\"success\":1,\"id\":1,\"message\":23},\"rule\":\"less\",\"type\":\"spendTime\",\"value\":\"1000\",\"variable\":\"Spend Time\"}]', 'POSTFIX', 109);
INSERT INTO `qa_suitcase_result` VALUES (409, 113, 79, 6, '', '<html>\r\n<head>\r\n<meta http-equiv=\"content-type\" content=\"text/html;charset=utf-8\">\r\n<style data-for=\"result\" id=\"css_result\">\r\nbody{color:#333;background:#fff;padding:6px 0 0;margin:0;position:relative;min-width:900px}body,th,td,.p1,.p2{font-family:arial}p,form,ol,ul,li,dl,dt,dd,h3{margin:0;padding:0;list-style:none}input{padding-top:0;padding-bottom:0;-moz-box-sizing:border-box;-webkit-box-sizing:border-box;box-sizing:border-box}table,img{border:0}td{font-size:9pt;line-height:18px}\r\n\r\n\r\n\r\n#foot{font-size:12px}.logo{width:117px;height:38px;cursor:pointer}\r\n\r\n#u,#head,#tool,#search,.p1{line-height:120%;margin-left:-12pt}.p2{width:100%;line-height:120%;margin-left:-12pt}#wrapper{_zoom:1}#container{word-break:break-all;word-wrap:break-word}.container_s{width:1002px}.container_l{width:1222px}#content_left{width:636px;float:left;padding-left:35px}#content_right{border-left:1px solid #e1e1e1;float:right}.container_s #content_right{width:271px}.container_l #content_right{width:434px}.content_none{padding-left:35px}#', '302', 26, '[{\"assertType\":\"url\",\"success\":1,\"message\":null},{\"assertType\":\"header\",\"success\":1,\"message\":null},{\"assertType\":\"body\",\"success\":1,\"message\":null},{\"assertType\":\"assert\",\"success\":0,\"message\":[{\"success\":0,\"id\":1,\"message\":\"302\"}]}]', 2, '2018-06-22 18:28:45', NULL, '[]', 'http://www.baidu.com', '{\"type\":1,\"body\":[]}', '[{\"id\":1,\"negation\":false,\"result\":{\"success\":0,\"id\":1,\"message\":\"302\"},\"rule\":\"equal\",\"type\":\"code\",\"value\":\"200\",\"variable\":\"Status Code\"}]', 'POSTFIX', 109);
INSERT INTO `qa_suitcase_result` VALUES (410, 110, 79, 7, '', '<html>\r\n<head>\r\n<meta http-equiv=\"content-type\" content=\"text/html;charset=utf-8\">\r\n<style data-for=\"result\" id=\"css_result\">\r\nbody{color:#333;background:#fff;padding:6px 0 0;margin:0;position:relative;min-width:900px}body,th,td,.p1,.p2{font-family:arial}p,form,ol,ul,li,dl,dt,dd,h3{margin:0;padding:0;list-style:none}input{padding-top:0;padding-bottom:0;-moz-box-sizing:border-box;-webkit-box-sizing:border-box;box-sizing:border-box}table,img{border:0}td{font-size:9pt;line-height:18px}\r\n\r\n\r\n\r\n#foot{font-size:12px}.logo{width:117px;height:38px;cursor:pointer}\r\n\r\n#u,#head,#tool,#search,.p1{line-height:120%;margin-left:-12pt}.p2{width:100%;line-height:120%;margin-left:-12pt}#wrapper{_zoom:1}#container{word-break:break-all;word-wrap:break-word}.container_s{width:1002px}.container_l{width:1222px}#content_left{width:636px;float:left;padding-left:35px}#content_right{border-left:1px solid #e1e1e1;float:right}.container_s #content_right{width:271px}.container_l #content_right{width:434px}.content_none{padding-left:35px}#', '302', 250, '[{\"assertType\":\"url\",\"success\":1,\"message\":null},{\"assertType\":\"header\",\"success\":1,\"message\":null},{\"assertType\":\"body\",\"success\":1,\"message\":null},{\"assertType\":\"assert\",\"success\":1,\"message\":null}]', 1, '2018-06-22 18:29:05', NULL, '[]', 'http://www.baidu.com', '{\"type\":1,\"body\":[]}', '[]', 'PREFIX', 109);
INSERT INTO `qa_suitcase_result` VALUES (411, 111, 79, 7, '', '<html>\r\n<head>\r\n<meta http-equiv=\"content-type\" content=\"text/html;charset=utf-8\">\r\n<style data-for=\"result\" id=\"css_result\">\r\nbody{color:#333;background:#fff;padding:6px 0 0;margin:0;position:relative;min-width:900px}body,th,td,.p1,.p2{font-family:arial}p,form,ol,ul,li,dl,dt,dd,h3{margin:0;padding:0;list-style:none}input{padding-top:0;padding-bottom:0;-moz-box-sizing:border-box;-webkit-box-sizing:border-box;box-sizing:border-box}table,img{border:0}td{font-size:9pt;line-height:18px}\r\n\r\n\r\n\r\n#foot{font-size:12px}.logo{width:117px;height:38px;cursor:pointer}\r\n\r\n#u,#head,#tool,#search,.p1{line-height:120%;margin-left:-12pt}.p2{width:100%;line-height:120%;margin-left:-12pt}#wrapper{_zoom:1}#container{word-break:break-all;word-wrap:break-word}.container_s{width:1002px}.container_l{width:1222px}#content_left{width:636px;float:left;padding-left:35px}#content_right{border-left:1px solid #e1e1e1;float:right}.container_s #content_right{width:271px}.container_l #content_right{width:434px}.content_none{padding-left:35px}#', '302', 16, '[{\"assertType\":\"url\",\"success\":1,\"message\":null},{\"assertType\":\"header\",\"success\":1,\"message\":null},{\"assertType\":\"body\",\"success\":1,\"message\":null},{\"assertType\":\"assert\",\"success\":1,\"message\":null}]', 1, '2018-06-22 18:29:05', NULL, '[]', 'http://www.baidu.com', '{\"type\":1,\"body\":[]}', '[]', 'PREFIX', 109);
INSERT INTO `qa_suitcase_result` VALUES (412, 109, 79, 7, '', '<html>\r\n<head>\r\n<meta http-equiv=\"content-type\" content=\"text/html;charset=utf-8\">\r\n<style data-for=\"result\" id=\"css_result\">\r\nbody{color:#333;background:#fff;padding:6px 0 0;margin:0;position:relative;min-width:900px}body,th,td,.p1,.p2{font-family:arial}p,form,ol,ul,li,dl,dt,dd,h3{margin:0;padding:0;list-style:none}input{padding-top:0;padding-bottom:0;-moz-box-sizing:border-box;-webkit-box-sizing:border-box;box-sizing:border-box}table,img{border:0}td{font-size:9pt;line-height:18px}\r\n\r\n\r\n\r\n#foot{font-size:12px}.logo{width:117px;height:38px;cursor:pointer}\r\n\r\n#u,#head,#tool,#search,.p1{line-height:120%;margin-left:-12pt}.p2{width:100%;line-height:120%;margin-left:-12pt}#wrapper{_zoom:1}#container{word-break:break-all;word-wrap:break-word}.container_s{width:1002px}.container_l{width:1222px}#content_left{width:636px;float:left;padding-left:35px}#content_right{border-left:1px solid #e1e1e1;float:right}.container_s #content_right{width:271px}.container_l #content_right{width:434px}.content_none{padding-left:35px}#', '302', 35, '[{\"assertType\":\"url\",\"success\":1,\"message\":null},{\"assertType\":\"header\",\"success\":1,\"message\":null},{\"assertType\":\"body\",\"success\":1,\"message\":null},{\"assertType\":\"assert\",\"success\":1,\"message\":[{\"success\":1,\"id\":1,\"message\":\"302\"}]}]', 3, '2018-06-22 18:29:05', '2018-06-22 18:29:05', '[]', 'http://www.baidu.com', '{\"type\":1,\"body\":[]}', '[{\"id\":1,\"negation\":false,\"result\":{\"success\":1,\"id\":1,\"message\":\"302\"},\"rule\":\"less\",\"type\":\"code\",\"value\":\"400\",\"variable\":\"Status Code\"}]', 'MAIN', NULL);
INSERT INTO `qa_suitcase_result` VALUES (413, 112, 79, 7, '', '<html>\r\n<head>\r\n<meta http-equiv=\"content-type\" content=\"text/html;charset=utf-8\">\r\n<style data-for=\"result\" id=\"css_result\">\r\nbody{color:#333;background:#fff;padding:6px 0 0;margin:0;position:relative;min-width:900px}body,th,td,.p1,.p2{font-family:arial}p,form,ol,ul,li,dl,dt,dd,h3{margin:0;padding:0;list-style:none}input{padding-top:0;padding-bottom:0;-moz-box-sizing:border-box;-webkit-box-sizing:border-box;box-sizing:border-box}table,img{border:0}td{font-size:9pt;line-height:18px}\r\n\r\n\r\n\r\n#foot{font-size:12px}.logo{width:117px;height:38px;cursor:pointer}\r\n\r\n#u,#head,#tool,#search,.p1{line-height:120%;margin-left:-12pt}.p2{width:100%;line-height:120%;margin-left:-12pt}#wrapper{_zoom:1}#container{word-break:break-all;word-wrap:break-word}.container_s{width:1002px}.container_l{width:1222px}#content_left{width:636px;float:left;padding-left:35px}#content_right{border-left:1px solid #e1e1e1;float:right}.container_s #content_right{width:271px}.container_l #content_right{width:434px}.content_none{padding-left:35px}#', '302', 25, '[{\"assertType\":\"url\",\"success\":1,\"message\":null},{\"assertType\":\"header\",\"success\":1,\"message\":null},{\"assertType\":\"body\",\"success\":1,\"message\":null},{\"assertType\":\"assert\",\"success\":1,\"message\":[{\"success\":1,\"id\":1,\"message\":25}]}]', 1, '2018-06-22 18:29:05', NULL, '[]', 'http://www.baidu.com', '{\"type\":1,\"body\":[]}', '[{\"id\":1,\"negation\":false,\"result\":{\"success\":1,\"id\":1,\"message\":25},\"rule\":\"less\",\"type\":\"spendTime\",\"value\":\"1000\",\"variable\":\"Spend Time\"}]', 'POSTFIX', 109);
INSERT INTO `qa_suitcase_result` VALUES (414, 113, 79, 7, '', '<html>\r\n<head>\r\n<meta http-equiv=\"content-type\" content=\"text/html;charset=utf-8\">\r\n<style data-for=\"result\" id=\"css_result\">\r\nbody{color:#333;background:#fff;padding:6px 0 0;margin:0;position:relative;min-width:900px}body,th,td,.p1,.p2{font-family:arial}p,form,ol,ul,li,dl,dt,dd,h3{margin:0;padding:0;list-style:none}input{padding-top:0;padding-bottom:0;-moz-box-sizing:border-box;-webkit-box-sizing:border-box;box-sizing:border-box}table,img{border:0}td{font-size:9pt;line-height:18px}\r\n\r\n\r\n\r\n#foot{font-size:12px}.logo{width:117px;height:38px;cursor:pointer}\r\n\r\n#u,#head,#tool,#search,.p1{line-height:120%;margin-left:-12pt}.p2{width:100%;line-height:120%;margin-left:-12pt}#wrapper{_zoom:1}#container{word-break:break-all;word-wrap:break-word}.container_s{width:1002px}.container_l{width:1222px}#content_left{width:636px;float:left;padding-left:35px}#content_right{border-left:1px solid #e1e1e1;float:right}.container_s #content_right{width:271px}.container_l #content_right{width:434px}.content_none{padding-left:35px}#', '302', 27, '[{\"assertType\":\"url\",\"success\":1,\"message\":null},{\"assertType\":\"header\",\"success\":1,\"message\":null},{\"assertType\":\"body\",\"success\":1,\"message\":null},{\"assertType\":\"assert\",\"success\":0,\"message\":[{\"success\":0,\"id\":1,\"message\":\"302\"}]}]', 2, '2018-06-22 18:29:05', NULL, '[]', 'http://www.baidu.com', '{\"type\":1,\"body\":[]}', '[{\"id\":1,\"negation\":false,\"result\":{\"success\":0,\"id\":1,\"message\":\"302\"},\"rule\":\"equal\",\"type\":\"code\",\"value\":\"200\",\"variable\":\"Status Code\"}]', 'POSTFIX', 109);
INSERT INTO `qa_suitcase_result` VALUES (415, 110, 79, 8, '', '<html>\r\n<head>\r\n<meta http-equiv=\"content-type\" content=\"text/html;charset=utf-8\">\r\n<style data-for=\"result\" id=\"css_result\">\r\nbody{color:#333;background:#fff;padding:6px 0 0;margin:0;position:relative;min-width:900px}body,th,td,.p1,.p2{font-family:arial}p,form,ol,ul,li,dl,dt,dd,h3{margin:0;padding:0;list-style:none}input{padding-top:0;padding-bottom:0;-moz-box-sizing:border-box;-webkit-box-sizing:border-box;box-sizing:border-box}table,img{border:0}td{font-size:9pt;line-height:18px}\r\n\r\n\r\n\r\n#foot{font-size:12px}.logo{width:117px;height:38px;cursor:pointer}\r\n\r\n#u,#head,#tool,#search,.p1{line-height:120%;margin-left:-12pt}.p2{width:100%;line-height:120%;margin-left:-12pt}#wrapper{_zoom:1}#container{word-break:break-all;word-wrap:break-word}.container_s{width:1002px}.container_l{width:1222px}#content_left{width:636px;float:left;padding-left:35px}#content_right{border-left:1px solid #e1e1e1;float:right}.container_s #content_right{width:271px}.container_l #content_right{width:434px}.content_none{padding-left:35px}#', '302', 40, '[{\"assertType\":\"url\",\"success\":1,\"message\":null},{\"assertType\":\"header\",\"success\":1,\"message\":null},{\"assertType\":\"body\",\"success\":1,\"message\":null},{\"assertType\":\"assert\",\"success\":1,\"message\":null}]', 1, '2018-06-22 18:35:30', NULL, '[]', 'http://www.baidu.com', '{\"type\":1,\"body\":[]}', '[]', 'PREFIX', 109);
INSERT INTO `qa_suitcase_result` VALUES (416, 111, 79, 8, '', '<html>\r\n<head>\r\n<meta http-equiv=\"content-type\" content=\"text/html;charset=utf-8\">\r\n<style data-for=\"result\" id=\"css_result\">\r\nbody{color:#333;background:#fff;padding:6px 0 0;margin:0;position:relative;min-width:900px}body,th,td,.p1,.p2{font-family:arial}p,form,ol,ul,li,dl,dt,dd,h3{margin:0;padding:0;list-style:none}input{padding-top:0;padding-bottom:0;-moz-box-sizing:border-box;-webkit-box-sizing:border-box;box-sizing:border-box}table,img{border:0}td{font-size:9pt;line-height:18px}\r\n\r\n\r\n\r\n#foot{font-size:12px}.logo{width:117px;height:38px;cursor:pointer}\r\n\r\n#u,#head,#tool,#search,.p1{line-height:120%;margin-left:-12pt}.p2{width:100%;line-height:120%;margin-left:-12pt}#wrapper{_zoom:1}#container{word-break:break-all;word-wrap:break-word}.container_s{width:1002px}.container_l{width:1222px}#content_left{width:636px;float:left;padding-left:35px}#content_right{border-left:1px solid #e1e1e1;float:right}.container_s #content_right{width:271px}.container_l #content_right{width:434px}.content_none{padding-left:35px}#', '302', 23, '[{\"assertType\":\"url\",\"success\":1,\"message\":null},{\"assertType\":\"header\",\"success\":1,\"message\":null},{\"assertType\":\"body\",\"success\":1,\"message\":null},{\"assertType\":\"assert\",\"success\":1,\"message\":null}]', 1, '2018-06-22 18:35:30', NULL, '[]', 'http://www.baidu.com', '{\"type\":1,\"body\":[]}', '[]', 'PREFIX', 109);
INSERT INTO `qa_suitcase_result` VALUES (417, 109, 79, 8, '', '<html>\r\n<head>\r\n<meta http-equiv=\"content-type\" content=\"text/html;charset=utf-8\">\r\n<style data-for=\"result\" id=\"css_result\">\r\nbody{color:#333;background:#fff;padding:6px 0 0;margin:0;position:relative;min-width:900px}body,th,td,.p1,.p2{font-family:arial}p,form,ol,ul,li,dl,dt,dd,h3{margin:0;padding:0;list-style:none}input{padding-top:0;padding-bottom:0;-moz-box-sizing:border-box;-webkit-box-sizing:border-box;box-sizing:border-box}table,img{border:0}td{font-size:9pt;line-height:18px}\r\n\r\n\r\n\r\n#foot{font-size:12px}.logo{width:117px;height:38px;cursor:pointer}\r\n\r\n#u,#head,#tool,#search,.p1{line-height:120%;margin-left:-12pt}.p2{width:100%;line-height:120%;margin-left:-12pt}#wrapper{_zoom:1}#container{word-break:break-all;word-wrap:break-word}.container_s{width:1002px}.container_l{width:1222px}#content_left{width:636px;float:left;padding-left:35px}#content_right{border-left:1px solid #e1e1e1;float:right}.container_s #content_right{width:271px}.container_l #content_right{width:434px}.content_none{padding-left:35px}#', '302', 334, '[{\"assertType\":\"url\",\"success\":1,\"message\":null},{\"assertType\":\"header\",\"success\":1,\"message\":null},{\"assertType\":\"body\",\"success\":1,\"message\":null},{\"assertType\":\"assert\",\"success\":1,\"message\":[{\"success\":1,\"id\":1,\"message\":\"302\"}]}]', 3, '2018-06-22 18:35:30', '2018-06-22 18:35:30', '[]', 'http://www.baidu.com', '{\"type\":1,\"body\":[]}', '[{\"id\":1,\"negation\":false,\"result\":{\"success\":1,\"id\":1,\"message\":\"302\"},\"rule\":\"less\",\"type\":\"code\",\"value\":\"400\",\"variable\":\"Status Code\"}]', 'MAIN', NULL);
INSERT INTO `qa_suitcase_result` VALUES (418, 112, 79, 8, '', '<html>\r\n<head>\r\n<meta http-equiv=\"content-type\" content=\"text/html;charset=utf-8\">\r\n<style data-for=\"result\" id=\"css_result\">\r\nbody{color:#333;background:#fff;padding:6px 0 0;margin:0;position:relative;min-width:900px}body,th,td,.p1,.p2{font-family:arial}p,form,ol,ul,li,dl,dt,dd,h3{margin:0;padding:0;list-style:none}input{padding-top:0;padding-bottom:0;-moz-box-sizing:border-box;-webkit-box-sizing:border-box;box-sizing:border-box}table,img{border:0}td{font-size:9pt;line-height:18px}\r\n\r\n\r\n\r\n#foot{font-size:12px}.logo{width:117px;height:38px;cursor:pointer}\r\n\r\n#u,#head,#tool,#search,.p1{line-height:120%;margin-left:-12pt}.p2{width:100%;line-height:120%;margin-left:-12pt}#wrapper{_zoom:1}#container{word-break:break-all;word-wrap:break-word}.container_s{width:1002px}.container_l{width:1222px}#content_left{width:636px;float:left;padding-left:35px}#content_right{border-left:1px solid #e1e1e1;float:right}.container_s #content_right{width:271px}.container_l #content_right{width:434px}.content_none{padding-left:35px}#', '302', 65, '[{\"assertType\":\"url\",\"success\":1,\"message\":null},{\"assertType\":\"header\",\"success\":1,\"message\":null},{\"assertType\":\"body\",\"success\":1,\"message\":null},{\"assertType\":\"assert\",\"success\":1,\"message\":[{\"success\":1,\"id\":1,\"message\":65}]}]', 1, '2018-06-22 18:35:30', NULL, '[]', 'http://www.baidu.com', '{\"type\":1,\"body\":[]}', '[{\"id\":1,\"negation\":false,\"result\":{\"success\":1,\"id\":1,\"message\":65},\"rule\":\"less\",\"type\":\"spendTime\",\"value\":\"1000\",\"variable\":\"Spend Time\"}]', 'POSTFIX', 109);
INSERT INTO `qa_suitcase_result` VALUES (419, 113, 79, 8, '', '<html>\r\n<head>\r\n<meta http-equiv=\"content-type\" content=\"text/html;charset=utf-8\">\r\n<style data-for=\"result\" id=\"css_result\">\r\nbody{color:#333;background:#fff;padding:6px 0 0;margin:0;position:relative;min-width:900px}body,th,td,.p1,.p2{font-family:arial}p,form,ol,ul,li,dl,dt,dd,h3{margin:0;padding:0;list-style:none}input{padding-top:0;padding-bottom:0;-moz-box-sizing:border-box;-webkit-box-sizing:border-box;box-sizing:border-box}table,img{border:0}td{font-size:9pt;line-height:18px}\r\n\r\n\r\n\r\n#foot{font-size:12px}.logo{width:117px;height:38px;cursor:pointer}\r\n\r\n#u,#head,#tool,#search,.p1{line-height:120%;margin-left:-12pt}.p2{width:100%;line-height:120%;margin-left:-12pt}#wrapper{_zoom:1}#container{word-break:break-all;word-wrap:break-word}.container_s{width:1002px}.container_l{width:1222px}#content_left{width:636px;float:left;padding-left:35px}#content_right{border-left:1px solid #e1e1e1;float:right}.container_s #content_right{width:271px}.container_l #content_right{width:434px}.content_none{padding-left:35px}#', '302', 99, '[{\"assertType\":\"url\",\"success\":1,\"message\":null},{\"assertType\":\"header\",\"success\":1,\"message\":null},{\"assertType\":\"body\",\"success\":1,\"message\":null},{\"assertType\":\"assert\",\"success\":0,\"message\":[{\"success\":0,\"id\":1,\"message\":\"302\"}]}]', 2, '2018-06-22 18:35:30', NULL, '[]', 'http://www.baidu.com', '{\"type\":1,\"body\":[]}', '[{\"id\":1,\"negation\":false,\"result\":{\"success\":0,\"id\":1,\"message\":\"302\"},\"rule\":\"equal\",\"type\":\"code\",\"value\":\"200\",\"variable\":\"Status Code\"}]', 'POSTFIX', 109);
COMMIT;

-- ----------------------------
-- Table structure for qa_suitcase_result_his
-- ----------------------------
DROP TABLE IF EXISTS `qa_suitcase_result_his`;
CREATE TABLE `qa_suitcase_result_his` (
  `id` int(11) NOT NULL,
  `suitcaseid` int(11) DEFAULT NULL,
  `suitid` int(11) DEFAULT NULL,
  `buildid` int(11) DEFAULT NULL,
  `requestInfo` varchar(255) DEFAULT NULL,
  `responseHeader` varchar(255) DEFAULT NULL,
  `responseBody` varchar(255) DEFAULT NULL,
  `responseCode` varchar(255) DEFAULT NULL,
  `responseTime` int(11) DEFAULT NULL,
  `assertLog` varchar(255) DEFAULT NULL,
  `status` int(255) DEFAULT NULL COMMENT '0未执行，1执行成功，2执行失败',
  `_timestamp` timestamp NULL DEFAULT NULL,
  PRIMARY KEY (`id`)
) ENGINE=InnoDB DEFAULT CHARSET=utf8;

-- ----------------------------
-- Table structure for qa_variable
-- ----------------------------
DROP TABLE IF EXISTS `qa_variable`;
CREATE TABLE `qa_variable` (
  `variableid` int(11) NOT NULL AUTO_INCREMENT,
  `type` varchar(64) DEFAULT NULL COMMENT 'mRondom,mString,mBody',
  `suitcaseid` int(11) DEFAULT NULL,
  `suitid` int(11) DEFAULT NULL,
  `name` varchar(64) DEFAULT NULL,
  `varExpress` varchar(255) DEFAULT NULL,
  `sequence` int(11) DEFAULT NULL,
  `updatetime` timestamp NULL DEFAULT NULL,
  `_timestamp` timestamp NULL DEFAULT NULL,
  PRIMARY KEY (`variableid`)
) ENGINE=InnoDB AUTO_INCREMENT=16 DEFAULT CHARSET=utf8;

-- ----------------------------
-- Records of qa_variable
-- ----------------------------
BEGIN;
INSERT INTO `qa_variable` VALUES (1, 'string', NULL, 0, 'username', '{\"method\":\"string\",\"param\":\"${abc}\"}', NULL, '2017-10-14 21:53:36', '2017-10-14 21:53:40');
INSERT INTO `qa_variable` VALUES (2, 'string', NULL, 0, 'mysqltest', '{\"method\":\"string\",\"param\":\"123456\"}', NULL, '2017-10-14 21:54:10', '2017-10-14 21:54:14');
INSERT INTO `qa_variable` VALUES (3, 'array', NULL, 0, 'nodeid', '{\n\"method\":\"suitbody\",\"param\":\"10\"}\n}', NULL, '2017-10-14 21:55:28', '2017-10-14 21:55:34');
INSERT INTO `qa_variable` VALUES (4, 'array', NULL, 0, 'lists', NULL, NULL, NULL, NULL);
INSERT INTO `qa_variable` VALUES (5, 'json', NULL, 0, 'aaa', '{\"method\":\"suitbody\",\"param\":\"6\"}', NULL, NULL, NULL);
INSERT INTO `qa_variable` VALUES (6, 'string', NULL, 0, 'a', '{\"method\":\"random\",\"param\":\"10\"}', NULL, NULL, NULL);
INSERT INTO `qa_variable` VALUES (7, 'string', NULL, 0, 'e', '{\"method\":\"random\",\"param\":\"10\"}', NULL, NULL, NULL);
INSERT INTO `qa_variable` VALUES (8, 'string', NULL, 0, 'abc', '{\"method\":\"random\",\"param\":\"10\"}', NULL, NULL, NULL);
INSERT INTO `qa_variable` VALUES (9, 'string', 5, 0, 'test', '{\"method\":\"string\",\"param\":\"1234${abc}56\"}', 5, '2017-10-16 01:53:47', '2017-10-16 01:53:52');
INSERT INTO `qa_variable` VALUES (10, 'suitbody', 6, 0, 'a', '$data.body', 4, '2017-10-23 23:29:19', '2017-10-23 23:29:25');
INSERT INTO `qa_variable` VALUES (11, 'string', NULL, 0, 'r', '10', 3, NULL, NULL);
INSERT INTO `qa_variable` VALUES (12, 'string', NULL, 0, 's', '1008dsf${r}', 2, NULL, NULL);
INSERT INTO `qa_variable` VALUES (13, 'string', 6, 0, 'test00', 'adbcd${abc}', 1, '2017-10-24 00:53:41', '2017-10-24 00:53:46');
INSERT INTO `qa_variable` VALUES (14, 'string', NULL, 30, 'test', '{\"method\":\"string\",\"param\":\"123456\"}', 6, '2017-12-22 10:49:52', '2017-12-22 10:49:56');
COMMIT;

-- ----------------------------
-- Table structure for qa_variable_result
-- ----------------------------
DROP TABLE IF EXISTS `qa_variable_result`;
CREATE TABLE `qa_variable_result` (
  `id` int(11) NOT NULL AUTO_INCREMENT,
  `variableid` int(11) DEFAULT NULL,
  `buildid` int(11) DEFAULT NULL,
  `value` varchar(1024) DEFAULT NULL,
  `exception` varchar(255) DEFAULT NULL,
  `updatetime` timestamp NULL DEFAULT NULL,
  `_timestamp` timestamp NULL DEFAULT NULL,
  PRIMARY KEY (`id`)
) ENGINE=InnoDB AUTO_INCREMENT=577 DEFAULT CHARSET=utf8;

-- ----------------------------
-- Records of qa_variable_result
-- ----------------------------
BEGIN;
INSERT INTO `qa_variable_result` VALUES (317, 1, 2, NULL, NULL, '2018-01-11 00:54:16', '2018-01-11 00:54:16');
INSERT INTO `qa_variable_result` VALUES (318, 2, 2, NULL, NULL, '2018-01-11 00:54:16', '2018-01-11 00:54:16');
INSERT INTO `qa_variable_result` VALUES (319, 3, 2, NULL, NULL, '2018-01-11 00:54:16', '2018-01-11 00:54:16');
INSERT INTO `qa_variable_result` VALUES (320, 4, 2, NULL, NULL, '2018-01-11 00:54:16', '2018-01-11 00:54:16');
INSERT INTO `qa_variable_result` VALUES (321, 5, 2, NULL, NULL, '2018-01-11 00:54:16', '2018-01-11 00:54:16');
INSERT INTO `qa_variable_result` VALUES (322, 6, 2, NULL, NULL, '2018-01-11 00:54:16', '2018-01-11 00:54:16');
INSERT INTO `qa_variable_result` VALUES (323, 7, 2, NULL, NULL, '2018-01-11 00:54:16', '2018-01-11 00:54:16');
INSERT INTO `qa_variable_result` VALUES (324, 8, 2, '5', '', '2018-01-11 00:54:36', '2018-01-11 00:54:16');
INSERT INTO `qa_variable_result` VALUES (325, 9, 2, '1234556', '', '2018-01-11 00:54:36', '2018-01-11 00:54:16');
INSERT INTO `qa_variable_result` VALUES (326, 10, 2, NULL, NULL, '2018-01-11 00:54:16', '2018-01-11 00:54:16');
INSERT INTO `qa_variable_result` VALUES (327, 11, 2, NULL, NULL, '2018-01-11 00:54:16', '2018-01-11 00:54:16');
INSERT INTO `qa_variable_result` VALUES (328, 12, 2, NULL, NULL, '2018-01-11 00:54:16', '2018-01-11 00:54:16');
INSERT INTO `qa_variable_result` VALUES (329, 13, 2, NULL, NULL, '2018-01-11 00:54:16', '2018-01-11 00:54:16');
INSERT INTO `qa_variable_result` VALUES (330, 1, 0, NULL, NULL, '2018-01-11 00:54:56', '2018-01-11 00:54:56');
INSERT INTO `qa_variable_result` VALUES (331, 2, 0, NULL, NULL, '2018-01-11 00:54:56', '2018-01-11 00:54:56');
INSERT INTO `qa_variable_result` VALUES (332, 3, 0, NULL, NULL, '2018-01-11 00:54:56', '2018-01-11 00:54:56');
INSERT INTO `qa_variable_result` VALUES (333, 4, 0, NULL, NULL, '2018-01-11 00:54:56', '2018-01-11 00:54:56');
INSERT INTO `qa_variable_result` VALUES (334, 5, 0, NULL, NULL, '2018-01-11 00:54:56', '2018-01-11 00:54:56');
INSERT INTO `qa_variable_result` VALUES (335, 6, 0, NULL, NULL, '2018-01-11 00:54:56', '2018-01-11 00:54:56');
INSERT INTO `qa_variable_result` VALUES (336, 7, 0, NULL, NULL, '2018-01-11 00:54:56', '2018-01-11 00:54:56');
INSERT INTO `qa_variable_result` VALUES (337, 8, 0, '5', '', '2018-01-11 00:55:16', '2018-01-11 00:54:56');
INSERT INTO `qa_variable_result` VALUES (338, 9, 0, '1234556', '', '2018-01-11 00:55:16', '2018-01-11 00:54:56');
INSERT INTO `qa_variable_result` VALUES (339, 10, 0, NULL, NULL, '2018-01-11 00:54:56', '2018-01-11 00:54:56');
INSERT INTO `qa_variable_result` VALUES (340, 11, 0, NULL, NULL, '2018-01-11 00:54:56', '2018-01-11 00:54:56');
INSERT INTO `qa_variable_result` VALUES (341, 12, 0, NULL, NULL, '2018-01-11 00:54:56', '2018-01-11 00:54:56');
INSERT INTO `qa_variable_result` VALUES (342, 13, 0, NULL, NULL, '2018-01-11 00:54:56', '2018-01-11 00:54:56');
INSERT INTO `qa_variable_result` VALUES (343, 1, 1, NULL, NULL, '2018-01-11 00:56:53', '2018-01-11 00:56:53');
INSERT INTO `qa_variable_result` VALUES (344, 2, 1, NULL, NULL, '2018-01-11 00:56:53', '2018-01-11 00:56:53');
INSERT INTO `qa_variable_result` VALUES (345, 3, 1, NULL, NULL, '2018-01-11 00:56:53', '2018-01-11 00:56:53');
INSERT INTO `qa_variable_result` VALUES (346, 4, 1, NULL, NULL, '2018-01-11 00:56:53', '2018-01-11 00:56:53');
INSERT INTO `qa_variable_result` VALUES (347, 5, 1, NULL, NULL, '2018-01-11 00:56:53', '2018-01-11 00:56:53');
INSERT INTO `qa_variable_result` VALUES (348, 6, 1, NULL, NULL, '2018-01-11 00:56:53', '2018-01-11 00:56:53');
INSERT INTO `qa_variable_result` VALUES (349, 7, 1, NULL, NULL, '2018-01-11 00:56:53', '2018-01-11 00:56:53');
INSERT INTO `qa_variable_result` VALUES (350, 8, 1, '0', '', '2018-01-11 00:57:13', '2018-01-11 00:56:53');
INSERT INTO `qa_variable_result` VALUES (351, 9, 1, '1234056', '', '2018-01-11 00:57:13', '2018-01-11 00:56:53');
INSERT INTO `qa_variable_result` VALUES (352, 10, 1, NULL, NULL, '2018-01-11 00:56:53', '2018-01-11 00:56:53');
INSERT INTO `qa_variable_result` VALUES (353, 11, 1, NULL, NULL, '2018-01-11 00:56:53', '2018-01-11 00:56:53');
INSERT INTO `qa_variable_result` VALUES (354, 12, 1, NULL, NULL, '2018-01-11 00:56:53', '2018-01-11 00:56:53');
INSERT INTO `qa_variable_result` VALUES (355, 13, 1, NULL, NULL, '2018-01-11 00:56:53', '2018-01-11 00:56:53');
INSERT INTO `qa_variable_result` VALUES (356, 1, 3, NULL, NULL, '2018-01-12 19:40:18', '2018-01-12 19:40:18');
INSERT INTO `qa_variable_result` VALUES (357, 2, 3, NULL, NULL, '2018-01-12 19:40:18', '2018-01-12 19:40:18');
INSERT INTO `qa_variable_result` VALUES (358, 3, 3, NULL, NULL, '2018-01-12 19:40:18', '2018-01-12 19:40:18');
INSERT INTO `qa_variable_result` VALUES (359, 4, 3, NULL, NULL, '2018-01-12 19:40:18', '2018-01-12 19:40:18');
INSERT INTO `qa_variable_result` VALUES (360, 5, 3, NULL, NULL, '2018-01-12 19:40:18', '2018-01-12 19:40:18');
INSERT INTO `qa_variable_result` VALUES (361, 6, 3, NULL, NULL, '2018-01-12 19:40:18', '2018-01-12 19:40:18');
INSERT INTO `qa_variable_result` VALUES (362, 7, 3, NULL, NULL, '2018-01-12 19:40:18', '2018-01-12 19:40:18');
INSERT INTO `qa_variable_result` VALUES (363, 8, 3, '0', '', '2018-01-12 19:40:38', '2018-01-12 19:40:18');
INSERT INTO `qa_variable_result` VALUES (364, 9, 3, '1234056', '', '2018-01-12 19:40:38', '2018-01-12 19:40:18');
INSERT INTO `qa_variable_result` VALUES (365, 10, 3, NULL, NULL, '2018-01-12 19:40:18', '2018-01-12 19:40:18');
INSERT INTO `qa_variable_result` VALUES (366, 11, 3, NULL, NULL, '2018-01-12 19:40:18', '2018-01-12 19:40:18');
INSERT INTO `qa_variable_result` VALUES (367, 12, 3, NULL, NULL, '2018-01-12 19:40:18', '2018-01-12 19:40:18');
INSERT INTO `qa_variable_result` VALUES (368, 13, 3, NULL, NULL, '2018-01-12 19:40:18', '2018-01-12 19:40:18');
INSERT INTO `qa_variable_result` VALUES (369, 1, 4, NULL, NULL, '2018-01-15 13:31:10', '2018-01-15 13:31:10');
INSERT INTO `qa_variable_result` VALUES (370, 2, 4, NULL, NULL, '2018-01-15 13:31:10', '2018-01-15 13:31:10');
INSERT INTO `qa_variable_result` VALUES (371, 3, 4, NULL, NULL, '2018-01-15 13:31:10', '2018-01-15 13:31:10');
INSERT INTO `qa_variable_result` VALUES (372, 4, 4, NULL, NULL, '2018-01-15 13:31:10', '2018-01-15 13:31:10');
INSERT INTO `qa_variable_result` VALUES (373, 5, 4, NULL, NULL, '2018-01-15 13:31:10', '2018-01-15 13:31:10');
INSERT INTO `qa_variable_result` VALUES (374, 6, 4, NULL, NULL, '2018-01-15 13:31:10', '2018-01-15 13:31:10');
INSERT INTO `qa_variable_result` VALUES (375, 7, 4, NULL, NULL, '2018-01-15 13:31:10', '2018-01-15 13:31:10');
INSERT INTO `qa_variable_result` VALUES (376, 8, 4, '1', '', '2018-01-15 13:31:34', '2018-01-15 13:31:10');
INSERT INTO `qa_variable_result` VALUES (377, 9, 4, '1234156', '', '2018-01-15 13:31:34', '2018-01-15 13:31:10');
INSERT INTO `qa_variable_result` VALUES (378, 10, 4, NULL, NULL, '2018-01-15 13:31:10', '2018-01-15 13:31:10');
INSERT INTO `qa_variable_result` VALUES (379, 11, 4, NULL, NULL, '2018-01-15 13:31:10', '2018-01-15 13:31:10');
INSERT INTO `qa_variable_result` VALUES (380, 12, 4, NULL, NULL, '2018-01-15 13:31:10', '2018-01-15 13:31:10');
INSERT INTO `qa_variable_result` VALUES (381, 13, 4, NULL, NULL, '2018-01-15 13:31:10', '2018-01-15 13:31:10');
INSERT INTO `qa_variable_result` VALUES (382, 1, 5, NULL, NULL, '2018-01-15 13:40:06', '2018-01-15 13:40:06');
INSERT INTO `qa_variable_result` VALUES (383, 2, 5, NULL, NULL, '2018-01-15 13:40:06', '2018-01-15 13:40:06');
INSERT INTO `qa_variable_result` VALUES (384, 3, 5, NULL, NULL, '2018-01-15 13:40:06', '2018-01-15 13:40:06');
INSERT INTO `qa_variable_result` VALUES (385, 4, 5, NULL, NULL, '2018-01-15 13:40:06', '2018-01-15 13:40:06');
INSERT INTO `qa_variable_result` VALUES (386, 5, 5, NULL, NULL, '2018-01-15 13:40:06', '2018-01-15 13:40:06');
INSERT INTO `qa_variable_result` VALUES (387, 6, 5, NULL, NULL, '2018-01-15 13:40:06', '2018-01-15 13:40:06');
INSERT INTO `qa_variable_result` VALUES (388, 7, 5, NULL, NULL, '2018-01-15 13:40:06', '2018-01-15 13:40:06');
INSERT INTO `qa_variable_result` VALUES (389, 8, 5, '2', '', '2018-01-15 13:40:26', '2018-01-15 13:40:06');
INSERT INTO `qa_variable_result` VALUES (390, 9, 5, '1234256', '', '2018-01-15 13:40:26', '2018-01-15 13:40:06');
INSERT INTO `qa_variable_result` VALUES (391, 10, 5, NULL, NULL, '2018-01-15 13:40:06', '2018-01-15 13:40:06');
INSERT INTO `qa_variable_result` VALUES (392, 11, 5, NULL, NULL, '2018-01-15 13:40:06', '2018-01-15 13:40:06');
INSERT INTO `qa_variable_result` VALUES (393, 12, 5, NULL, NULL, '2018-01-15 13:40:06', '2018-01-15 13:40:06');
INSERT INTO `qa_variable_result` VALUES (394, 13, 5, NULL, NULL, '2018-01-15 13:40:06', '2018-01-15 13:40:06');
INSERT INTO `qa_variable_result` VALUES (395, 1, 6, NULL, NULL, '2018-01-15 14:13:13', '2018-01-15 14:13:13');
INSERT INTO `qa_variable_result` VALUES (396, 2, 6, NULL, NULL, '2018-01-15 14:13:13', '2018-01-15 14:13:13');
INSERT INTO `qa_variable_result` VALUES (397, 3, 6, NULL, NULL, '2018-01-15 14:13:13', '2018-01-15 14:13:13');
INSERT INTO `qa_variable_result` VALUES (398, 4, 6, NULL, NULL, '2018-01-15 14:13:13', '2018-01-15 14:13:13');
INSERT INTO `qa_variable_result` VALUES (399, 5, 6, NULL, NULL, '2018-01-15 14:13:13', '2018-01-15 14:13:13');
INSERT INTO `qa_variable_result` VALUES (400, 6, 6, NULL, NULL, '2018-01-15 14:13:13', '2018-01-15 14:13:13');
INSERT INTO `qa_variable_result` VALUES (401, 7, 6, NULL, NULL, '2018-01-15 14:13:13', '2018-01-15 14:13:13');
INSERT INTO `qa_variable_result` VALUES (402, 8, 6, '5', '', '2018-01-15 14:13:38', '2018-01-15 14:13:13');
INSERT INTO `qa_variable_result` VALUES (403, 9, 6, '1234556', '', '2018-01-15 14:13:38', '2018-01-15 14:13:13');
INSERT INTO `qa_variable_result` VALUES (404, 10, 6, NULL, NULL, '2018-01-15 14:13:13', '2018-01-15 14:13:13');
INSERT INTO `qa_variable_result` VALUES (405, 11, 6, NULL, NULL, '2018-01-15 14:13:13', '2018-01-15 14:13:13');
INSERT INTO `qa_variable_result` VALUES (406, 12, 6, NULL, NULL, '2018-01-15 14:13:13', '2018-01-15 14:13:13');
INSERT INTO `qa_variable_result` VALUES (407, 13, 6, NULL, NULL, '2018-01-15 14:13:13', '2018-01-15 14:13:13');
INSERT INTO `qa_variable_result` VALUES (408, 1, 7, NULL, NULL, '2018-01-15 14:16:33', '2018-01-15 14:16:33');
INSERT INTO `qa_variable_result` VALUES (409, 2, 7, NULL, NULL, '2018-01-15 14:16:33', '2018-01-15 14:16:33');
INSERT INTO `qa_variable_result` VALUES (410, 3, 7, NULL, NULL, '2018-01-15 14:16:33', '2018-01-15 14:16:33');
INSERT INTO `qa_variable_result` VALUES (411, 4, 7, NULL, NULL, '2018-01-15 14:16:33', '2018-01-15 14:16:33');
INSERT INTO `qa_variable_result` VALUES (412, 5, 7, NULL, NULL, '2018-01-15 14:16:33', '2018-01-15 14:16:33');
INSERT INTO `qa_variable_result` VALUES (413, 6, 7, NULL, NULL, '2018-01-15 14:16:33', '2018-01-15 14:16:33');
INSERT INTO `qa_variable_result` VALUES (414, 7, 7, NULL, NULL, '2018-01-15 14:16:33', '2018-01-15 14:16:33');
INSERT INTO `qa_variable_result` VALUES (415, 8, 7, '8', '', '2018-01-15 14:16:33', '2018-01-15 14:16:33');
INSERT INTO `qa_variable_result` VALUES (416, 9, 7, '1234856', '', '2018-01-15 14:16:33', '2018-01-15 14:16:33');
INSERT INTO `qa_variable_result` VALUES (417, 10, 7, NULL, NULL, '2018-01-15 14:16:33', '2018-01-15 14:16:33');
INSERT INTO `qa_variable_result` VALUES (418, 11, 7, NULL, NULL, '2018-01-15 14:16:33', '2018-01-15 14:16:33');
INSERT INTO `qa_variable_result` VALUES (419, 12, 7, NULL, NULL, '2018-01-15 14:16:33', '2018-01-15 14:16:33');
INSERT INTO `qa_variable_result` VALUES (420, 13, 7, NULL, NULL, '2018-01-15 14:16:33', '2018-01-15 14:16:33');
INSERT INTO `qa_variable_result` VALUES (421, 1, 8, NULL, NULL, '2018-01-15 14:17:48', '2018-01-15 14:17:48');
INSERT INTO `qa_variable_result` VALUES (422, 2, 8, NULL, NULL, '2018-01-15 14:17:48', '2018-01-15 14:17:48');
INSERT INTO `qa_variable_result` VALUES (423, 3, 8, NULL, NULL, '2018-01-15 14:17:48', '2018-01-15 14:17:48');
INSERT INTO `qa_variable_result` VALUES (424, 4, 8, NULL, NULL, '2018-01-15 14:17:48', '2018-01-15 14:17:48');
INSERT INTO `qa_variable_result` VALUES (425, 5, 8, NULL, NULL, '2018-01-15 14:17:48', '2018-01-15 14:17:48');
INSERT INTO `qa_variable_result` VALUES (426, 6, 8, NULL, NULL, '2018-01-15 14:17:48', '2018-01-15 14:17:48');
INSERT INTO `qa_variable_result` VALUES (427, 7, 8, NULL, NULL, '2018-01-15 14:17:48', '2018-01-15 14:17:48');
INSERT INTO `qa_variable_result` VALUES (428, 8, 8, '3', '', '2018-01-15 14:17:48', '2018-01-15 14:17:48');
INSERT INTO `qa_variable_result` VALUES (429, 9, 8, '1234356', '', '2018-01-15 14:17:48', '2018-01-15 14:17:48');
INSERT INTO `qa_variable_result` VALUES (430, 10, 8, NULL, NULL, '2018-01-15 14:17:48', '2018-01-15 14:17:48');
INSERT INTO `qa_variable_result` VALUES (431, 11, 8, NULL, NULL, '2018-01-15 14:17:48', '2018-01-15 14:17:48');
INSERT INTO `qa_variable_result` VALUES (432, 12, 8, NULL, NULL, '2018-01-15 14:17:48', '2018-01-15 14:17:48');
INSERT INTO `qa_variable_result` VALUES (433, 13, 8, NULL, NULL, '2018-01-15 14:17:48', '2018-01-15 14:17:48');
INSERT INTO `qa_variable_result` VALUES (434, 1, 9, NULL, NULL, '2018-01-15 14:18:43', '2018-01-15 14:18:43');
INSERT INTO `qa_variable_result` VALUES (435, 2, 9, NULL, NULL, '2018-01-15 14:18:43', '2018-01-15 14:18:43');
INSERT INTO `qa_variable_result` VALUES (436, 3, 9, NULL, NULL, '2018-01-15 14:18:43', '2018-01-15 14:18:43');
INSERT INTO `qa_variable_result` VALUES (437, 4, 9, NULL, NULL, '2018-01-15 14:18:43', '2018-01-15 14:18:43');
INSERT INTO `qa_variable_result` VALUES (438, 5, 9, NULL, NULL, '2018-01-15 14:18:43', '2018-01-15 14:18:43');
INSERT INTO `qa_variable_result` VALUES (439, 6, 9, NULL, NULL, '2018-01-15 14:18:43', '2018-01-15 14:18:43');
INSERT INTO `qa_variable_result` VALUES (440, 7, 9, NULL, NULL, '2018-01-15 14:18:43', '2018-01-15 14:18:43');
INSERT INTO `qa_variable_result` VALUES (441, 8, 9, '7', '', '2018-01-15 14:19:03', '2018-01-15 14:18:43');
INSERT INTO `qa_variable_result` VALUES (442, 9, 9, '1234756', '', '2018-01-15 14:19:04', '2018-01-15 14:18:43');
INSERT INTO `qa_variable_result` VALUES (443, 10, 9, NULL, NULL, '2018-01-15 14:18:43', '2018-01-15 14:18:43');
INSERT INTO `qa_variable_result` VALUES (444, 11, 9, NULL, NULL, '2018-01-15 14:18:43', '2018-01-15 14:18:43');
INSERT INTO `qa_variable_result` VALUES (445, 12, 9, NULL, NULL, '2018-01-15 14:18:43', '2018-01-15 14:18:43');
INSERT INTO `qa_variable_result` VALUES (446, 13, 9, NULL, NULL, '2018-01-15 14:18:43', '2018-01-15 14:18:43');
INSERT INTO `qa_variable_result` VALUES (447, 1, 10, NULL, NULL, '2018-01-15 14:22:46', '2018-01-15 14:22:46');
INSERT INTO `qa_variable_result` VALUES (448, 2, 10, NULL, NULL, '2018-01-15 14:22:46', '2018-01-15 14:22:46');
INSERT INTO `qa_variable_result` VALUES (449, 3, 10, NULL, NULL, '2018-01-15 14:22:46', '2018-01-15 14:22:46');
INSERT INTO `qa_variable_result` VALUES (450, 4, 10, NULL, NULL, '2018-01-15 14:22:46', '2018-01-15 14:22:46');
INSERT INTO `qa_variable_result` VALUES (451, 5, 10, NULL, NULL, '2018-01-15 14:22:46', '2018-01-15 14:22:46');
INSERT INTO `qa_variable_result` VALUES (452, 6, 10, NULL, NULL, '2018-01-15 14:22:46', '2018-01-15 14:22:46');
INSERT INTO `qa_variable_result` VALUES (453, 7, 10, NULL, NULL, '2018-01-15 14:22:46', '2018-01-15 14:22:46');
INSERT INTO `qa_variable_result` VALUES (454, 8, 10, NULL, NULL, '2018-01-15 14:22:46', '2018-01-15 14:22:46');
INSERT INTO `qa_variable_result` VALUES (455, 9, 10, NULL, NULL, '2018-01-15 14:22:46', '2018-01-15 14:22:46');
INSERT INTO `qa_variable_result` VALUES (456, 10, 10, NULL, NULL, '2018-01-15 14:22:46', '2018-01-15 14:22:46');
INSERT INTO `qa_variable_result` VALUES (457, 11, 10, NULL, NULL, '2018-01-15 14:22:46', '2018-01-15 14:22:46');
INSERT INTO `qa_variable_result` VALUES (458, 12, 10, NULL, NULL, '2018-01-15 14:22:46', '2018-01-15 14:22:46');
INSERT INTO `qa_variable_result` VALUES (459, 13, 10, NULL, NULL, '2018-01-15 14:22:46', '2018-01-15 14:22:46');
INSERT INTO `qa_variable_result` VALUES (460, 1, 11, NULL, NULL, '2018-01-15 14:24:39', '2018-01-15 14:24:39');
INSERT INTO `qa_variable_result` VALUES (461, 2, 11, NULL, NULL, '2018-01-15 14:24:39', '2018-01-15 14:24:39');
INSERT INTO `qa_variable_result` VALUES (462, 3, 11, NULL, NULL, '2018-01-15 14:24:39', '2018-01-15 14:24:39');
INSERT INTO `qa_variable_result` VALUES (463, 4, 11, NULL, NULL, '2018-01-15 14:24:39', '2018-01-15 14:24:39');
INSERT INTO `qa_variable_result` VALUES (464, 5, 11, NULL, NULL, '2018-01-15 14:24:39', '2018-01-15 14:24:39');
INSERT INTO `qa_variable_result` VALUES (465, 6, 11, NULL, NULL, '2018-01-15 14:24:39', '2018-01-15 14:24:39');
INSERT INTO `qa_variable_result` VALUES (466, 7, 11, NULL, NULL, '2018-01-15 14:24:39', '2018-01-15 14:24:39');
INSERT INTO `qa_variable_result` VALUES (467, 8, 11, '2', '', '2018-01-15 14:24:40', '2018-01-15 14:24:39');
INSERT INTO `qa_variable_result` VALUES (468, 9, 11, '1234256', '', '2018-01-15 14:24:40', '2018-01-15 14:24:39');
INSERT INTO `qa_variable_result` VALUES (469, 10, 11, NULL, NULL, '2018-01-15 14:24:39', '2018-01-15 14:24:39');
INSERT INTO `qa_variable_result` VALUES (470, 11, 11, NULL, NULL, '2018-01-15 14:24:39', '2018-01-15 14:24:39');
INSERT INTO `qa_variable_result` VALUES (471, 12, 11, NULL, NULL, '2018-01-15 14:24:39', '2018-01-15 14:24:39');
INSERT INTO `qa_variable_result` VALUES (472, 13, 11, NULL, NULL, '2018-01-15 14:24:39', '2018-01-15 14:24:39');
INSERT INTO `qa_variable_result` VALUES (473, 1, 12, NULL, NULL, '2018-01-15 23:53:37', '2018-01-15 23:53:37');
INSERT INTO `qa_variable_result` VALUES (474, 2, 12, NULL, NULL, '2018-01-15 23:53:37', '2018-01-15 23:53:37');
INSERT INTO `qa_variable_result` VALUES (475, 3, 12, NULL, NULL, '2018-01-15 23:53:37', '2018-01-15 23:53:37');
INSERT INTO `qa_variable_result` VALUES (476, 4, 12, NULL, NULL, '2018-01-15 23:53:37', '2018-01-15 23:53:37');
INSERT INTO `qa_variable_result` VALUES (477, 5, 12, NULL, NULL, '2018-01-15 23:53:37', '2018-01-15 23:53:37');
INSERT INTO `qa_variable_result` VALUES (478, 6, 12, NULL, NULL, '2018-01-15 23:53:37', '2018-01-15 23:53:37');
INSERT INTO `qa_variable_result` VALUES (479, 7, 12, NULL, NULL, '2018-01-15 23:53:37', '2018-01-15 23:53:37');
INSERT INTO `qa_variable_result` VALUES (480, 8, 12, '3', '', '2018-01-15 23:53:48', '2018-01-15 23:53:37');
INSERT INTO `qa_variable_result` VALUES (481, 9, 12, '1234356', '', '2018-01-15 23:53:48', '2018-01-15 23:53:37');
INSERT INTO `qa_variable_result` VALUES (482, 10, 12, NULL, NULL, '2018-01-15 23:53:37', '2018-01-15 23:53:37');
INSERT INTO `qa_variable_result` VALUES (483, 11, 12, NULL, NULL, '2018-01-15 23:53:37', '2018-01-15 23:53:37');
INSERT INTO `qa_variable_result` VALUES (484, 12, 12, NULL, NULL, '2018-01-15 23:53:37', '2018-01-15 23:53:37');
INSERT INTO `qa_variable_result` VALUES (485, 13, 12, NULL, NULL, '2018-01-15 23:53:37', '2018-01-15 23:53:37');
INSERT INTO `qa_variable_result` VALUES (486, 1, 13, NULL, NULL, '2018-01-16 11:25:32', '2018-01-16 11:25:32');
INSERT INTO `qa_variable_result` VALUES (487, 2, 13, NULL, NULL, '2018-01-16 11:25:32', '2018-01-16 11:25:32');
INSERT INTO `qa_variable_result` VALUES (488, 3, 13, NULL, NULL, '2018-01-16 11:25:32', '2018-01-16 11:25:32');
INSERT INTO `qa_variable_result` VALUES (489, 4, 13, NULL, NULL, '2018-01-16 11:25:32', '2018-01-16 11:25:32');
INSERT INTO `qa_variable_result` VALUES (490, 5, 13, NULL, NULL, '2018-01-16 11:25:32', '2018-01-16 11:25:32');
INSERT INTO `qa_variable_result` VALUES (491, 6, 13, NULL, NULL, '2018-01-16 11:25:32', '2018-01-16 11:25:32');
INSERT INTO `qa_variable_result` VALUES (492, 7, 13, NULL, NULL, '2018-01-16 11:25:32', '2018-01-16 11:25:32');
INSERT INTO `qa_variable_result` VALUES (493, 8, 13, '4', '', '2018-01-16 11:25:39', '2018-01-16 11:25:32');
INSERT INTO `qa_variable_result` VALUES (494, 9, 13, '1234456', '', '2018-01-16 11:25:39', '2018-01-16 11:25:32');
INSERT INTO `qa_variable_result` VALUES (495, 10, 13, NULL, NULL, '2018-01-16 11:25:32', '2018-01-16 11:25:32');
INSERT INTO `qa_variable_result` VALUES (496, 11, 13, NULL, NULL, '2018-01-16 11:25:32', '2018-01-16 11:25:32');
INSERT INTO `qa_variable_result` VALUES (497, 12, 13, NULL, NULL, '2018-01-16 11:25:32', '2018-01-16 11:25:32');
INSERT INTO `qa_variable_result` VALUES (498, 13, 13, NULL, NULL, '2018-01-16 11:25:32', '2018-01-16 11:25:32');
INSERT INTO `qa_variable_result` VALUES (499, 1, 14, NULL, NULL, '2018-01-18 15:10:38', '2018-01-18 15:10:38');
INSERT INTO `qa_variable_result` VALUES (500, 2, 14, NULL, NULL, '2018-01-18 15:10:38', '2018-01-18 15:10:38');
INSERT INTO `qa_variable_result` VALUES (501, 3, 14, NULL, NULL, '2018-01-18 15:10:38', '2018-01-18 15:10:38');
INSERT INTO `qa_variable_result` VALUES (502, 4, 14, NULL, NULL, '2018-01-18 15:10:38', '2018-01-18 15:10:38');
INSERT INTO `qa_variable_result` VALUES (503, 5, 14, NULL, NULL, '2018-01-18 15:10:38', '2018-01-18 15:10:38');
INSERT INTO `qa_variable_result` VALUES (504, 6, 14, NULL, NULL, '2018-01-18 15:10:38', '2018-01-18 15:10:38');
INSERT INTO `qa_variable_result` VALUES (505, 7, 14, NULL, NULL, '2018-01-18 15:10:38', '2018-01-18 15:10:38');
INSERT INTO `qa_variable_result` VALUES (506, 8, 14, '8', '', '2018-01-18 15:10:40', '2018-01-18 15:10:38');
INSERT INTO `qa_variable_result` VALUES (507, 9, 14, '1234856', '', '2018-01-18 15:10:40', '2018-01-18 15:10:38');
INSERT INTO `qa_variable_result` VALUES (508, 10, 14, NULL, NULL, '2018-01-18 15:10:38', '2018-01-18 15:10:38');
INSERT INTO `qa_variable_result` VALUES (509, 11, 14, NULL, NULL, '2018-01-18 15:10:38', '2018-01-18 15:10:38');
INSERT INTO `qa_variable_result` VALUES (510, 12, 14, NULL, NULL, '2018-01-18 15:10:38', '2018-01-18 15:10:38');
INSERT INTO `qa_variable_result` VALUES (511, 13, 14, NULL, NULL, '2018-01-18 15:10:38', '2018-01-18 15:10:38');
INSERT INTO `qa_variable_result` VALUES (512, 1, 15, NULL, NULL, '2018-01-26 19:23:15', '2018-01-26 19:23:15');
INSERT INTO `qa_variable_result` VALUES (513, 2, 15, NULL, NULL, '2018-01-26 19:23:15', '2018-01-26 19:23:15');
INSERT INTO `qa_variable_result` VALUES (514, 3, 15, NULL, NULL, '2018-01-26 19:23:15', '2018-01-26 19:23:15');
INSERT INTO `qa_variable_result` VALUES (515, 4, 15, NULL, NULL, '2018-01-26 19:23:15', '2018-01-26 19:23:15');
INSERT INTO `qa_variable_result` VALUES (516, 5, 15, NULL, NULL, '2018-01-26 19:23:15', '2018-01-26 19:23:15');
INSERT INTO `qa_variable_result` VALUES (517, 6, 15, NULL, NULL, '2018-01-26 19:23:15', '2018-01-26 19:23:15');
INSERT INTO `qa_variable_result` VALUES (518, 7, 15, NULL, NULL, '2018-01-26 19:23:15', '2018-01-26 19:23:15');
INSERT INTO `qa_variable_result` VALUES (519, 8, 15, NULL, NULL, '2018-01-26 19:23:15', '2018-01-26 19:23:15');
INSERT INTO `qa_variable_result` VALUES (520, 9, 15, NULL, NULL, '2018-01-26 19:23:15', '2018-01-26 19:23:15');
INSERT INTO `qa_variable_result` VALUES (521, 10, 15, NULL, NULL, '2018-01-26 19:23:15', '2018-01-26 19:23:15');
INSERT INTO `qa_variable_result` VALUES (522, 11, 15, NULL, NULL, '2018-01-26 19:23:15', '2018-01-26 19:23:15');
INSERT INTO `qa_variable_result` VALUES (523, 12, 15, NULL, NULL, '2018-01-26 19:23:15', '2018-01-26 19:23:15');
INSERT INTO `qa_variable_result` VALUES (524, 13, 15, NULL, NULL, '2018-01-26 19:23:15', '2018-01-26 19:23:15');
INSERT INTO `qa_variable_result` VALUES (525, 1, 16, NULL, NULL, '2018-01-29 02:04:03', '2018-01-29 02:04:03');
INSERT INTO `qa_variable_result` VALUES (526, 2, 16, NULL, NULL, '2018-01-29 02:04:03', '2018-01-29 02:04:03');
INSERT INTO `qa_variable_result` VALUES (527, 3, 16, NULL, NULL, '2018-01-29 02:04:03', '2018-01-29 02:04:03');
INSERT INTO `qa_variable_result` VALUES (528, 4, 16, NULL, NULL, '2018-01-29 02:04:03', '2018-01-29 02:04:03');
INSERT INTO `qa_variable_result` VALUES (529, 5, 16, NULL, NULL, '2018-01-29 02:04:03', '2018-01-29 02:04:03');
INSERT INTO `qa_variable_result` VALUES (530, 6, 16, NULL, NULL, '2018-01-29 02:04:03', '2018-01-29 02:04:03');
INSERT INTO `qa_variable_result` VALUES (531, 7, 16, NULL, NULL, '2018-01-29 02:04:03', '2018-01-29 02:04:03');
INSERT INTO `qa_variable_result` VALUES (532, 8, 16, '3', '', '2018-01-29 02:05:03', '2018-01-29 02:04:03');
INSERT INTO `qa_variable_result` VALUES (533, 9, 16, '1234356', '', '2018-01-29 02:05:03', '2018-01-29 02:04:03');
INSERT INTO `qa_variable_result` VALUES (534, 10, 16, NULL, NULL, '2018-01-29 02:04:03', '2018-01-29 02:04:03');
INSERT INTO `qa_variable_result` VALUES (535, 11, 16, NULL, NULL, '2018-01-29 02:04:03', '2018-01-29 02:04:03');
INSERT INTO `qa_variable_result` VALUES (536, 12, 16, NULL, NULL, '2018-01-29 02:04:03', '2018-01-29 02:04:03');
INSERT INTO `qa_variable_result` VALUES (537, 13, 16, NULL, NULL, '2018-01-29 02:04:03', '2018-01-29 02:04:03');
INSERT INTO `qa_variable_result` VALUES (538, 1, 17, NULL, NULL, '2018-01-29 11:21:16', '2018-01-29 11:21:16');
INSERT INTO `qa_variable_result` VALUES (539, 2, 17, NULL, NULL, '2018-01-29 11:21:16', '2018-01-29 11:21:16');
INSERT INTO `qa_variable_result` VALUES (540, 3, 17, NULL, NULL, '2018-01-29 11:21:16', '2018-01-29 11:21:16');
INSERT INTO `qa_variable_result` VALUES (541, 4, 17, NULL, NULL, '2018-01-29 11:21:16', '2018-01-29 11:21:16');
INSERT INTO `qa_variable_result` VALUES (542, 5, 17, NULL, NULL, '2018-01-29 11:21:16', '2018-01-29 11:21:16');
INSERT INTO `qa_variable_result` VALUES (543, 6, 17, NULL, NULL, '2018-01-29 11:21:16', '2018-01-29 11:21:16');
INSERT INTO `qa_variable_result` VALUES (544, 7, 17, NULL, NULL, '2018-01-29 11:21:16', '2018-01-29 11:21:16');
INSERT INTO `qa_variable_result` VALUES (545, 8, 17, '7', '', '2018-01-29 11:21:36', '2018-01-29 11:21:16');
INSERT INTO `qa_variable_result` VALUES (546, 9, 17, '1234756', '', '2018-01-29 11:21:36', '2018-01-29 11:21:16');
INSERT INTO `qa_variable_result` VALUES (547, 10, 17, NULL, NULL, '2018-01-29 11:21:16', '2018-01-29 11:21:16');
INSERT INTO `qa_variable_result` VALUES (548, 11, 17, NULL, NULL, '2018-01-29 11:21:16', '2018-01-29 11:21:16');
INSERT INTO `qa_variable_result` VALUES (549, 12, 17, NULL, NULL, '2018-01-29 11:21:16', '2018-01-29 11:21:16');
INSERT INTO `qa_variable_result` VALUES (550, 13, 17, NULL, NULL, '2018-01-29 11:21:16', '2018-01-29 11:21:16');
INSERT INTO `qa_variable_result` VALUES (551, 1, 18, NULL, NULL, '2018-01-29 11:25:03', '2018-01-29 11:25:03');
INSERT INTO `qa_variable_result` VALUES (552, 2, 18, NULL, NULL, '2018-01-29 11:25:03', '2018-01-29 11:25:03');
INSERT INTO `qa_variable_result` VALUES (553, 3, 18, NULL, NULL, '2018-01-29 11:25:03', '2018-01-29 11:25:03');
INSERT INTO `qa_variable_result` VALUES (554, 4, 18, NULL, NULL, '2018-01-29 11:25:03', '2018-01-29 11:25:03');
INSERT INTO `qa_variable_result` VALUES (555, 5, 18, NULL, NULL, '2018-01-29 11:25:03', '2018-01-29 11:25:03');
INSERT INTO `qa_variable_result` VALUES (556, 6, 18, NULL, NULL, '2018-01-29 11:25:03', '2018-01-29 11:25:03');
INSERT INTO `qa_variable_result` VALUES (557, 7, 18, NULL, NULL, '2018-01-29 11:25:03', '2018-01-29 11:25:03');
INSERT INTO `qa_variable_result` VALUES (558, 8, 18, '8', '', '2018-01-29 11:25:03', '2018-01-29 11:25:03');
INSERT INTO `qa_variable_result` VALUES (559, 9, 18, '1234856', '', '2018-01-29 11:25:03', '2018-01-29 11:25:03');
INSERT INTO `qa_variable_result` VALUES (560, 10, 18, NULL, NULL, '2018-01-29 11:25:03', '2018-01-29 11:25:03');
INSERT INTO `qa_variable_result` VALUES (561, 11, 18, NULL, NULL, '2018-01-29 11:25:03', '2018-01-29 11:25:03');
INSERT INTO `qa_variable_result` VALUES (562, 12, 18, NULL, NULL, '2018-01-29 11:25:03', '2018-01-29 11:25:03');
INSERT INTO `qa_variable_result` VALUES (563, 13, 18, NULL, NULL, '2018-01-29 11:25:03', '2018-01-29 11:25:03');
INSERT INTO `qa_variable_result` VALUES (564, 1, 19, NULL, NULL, '2018-01-29 11:29:06', '2018-01-29 11:29:06');
INSERT INTO `qa_variable_result` VALUES (565, 2, 19, NULL, NULL, '2018-01-29 11:29:06', '2018-01-29 11:29:06');
INSERT INTO `qa_variable_result` VALUES (566, 3, 19, NULL, NULL, '2018-01-29 11:29:06', '2018-01-29 11:29:06');
INSERT INTO `qa_variable_result` VALUES (567, 4, 19, NULL, NULL, '2018-01-29 11:29:06', '2018-01-29 11:29:06');
INSERT INTO `qa_variable_result` VALUES (568, 5, 19, NULL, NULL, '2018-01-29 11:29:06', '2018-01-29 11:29:06');
INSERT INTO `qa_variable_result` VALUES (569, 6, 19, NULL, NULL, '2018-01-29 11:29:06', '2018-01-29 11:29:06');
INSERT INTO `qa_variable_result` VALUES (570, 7, 19, NULL, NULL, '2018-01-29 11:29:06', '2018-01-29 11:29:06');
INSERT INTO `qa_variable_result` VALUES (571, 8, 19, '5', '', '2018-01-29 11:29:27', '2018-01-29 11:29:06');
INSERT INTO `qa_variable_result` VALUES (572, 9, 19, '1234556', '', '2018-01-29 11:29:27', '2018-01-29 11:29:06');
INSERT INTO `qa_variable_result` VALUES (573, 10, 19, NULL, NULL, '2018-01-29 11:29:06', '2018-01-29 11:29:06');
INSERT INTO `qa_variable_result` VALUES (574, 11, 19, NULL, NULL, '2018-01-29 11:29:06', '2018-01-29 11:29:06');
INSERT INTO `qa_variable_result` VALUES (575, 12, 19, NULL, NULL, '2018-01-29 11:29:06', '2018-01-29 11:29:06');
INSERT INTO `qa_variable_result` VALUES (576, 13, 19, NULL, NULL, '2018-01-29 11:29:06', '2018-01-29 11:29:06');
COMMIT;

SET FOREIGN_KEY_CHECKS = 1;
